fail: Microsoft.EntityFrameworkCore.Database.Command[20102]
      Failed executing DbCommand (20ms) [Parameters=[], CommandType='Text', CommandTimeout='30']
      SELECT "MigrationId", "ProductVersion"
      FROM "__EFMigrationsHistory"
      ORDER BY "MigrationId";
info: LabScaner.Infrastructure.Persistence.DatabaseMigration[1335799732]
      Применение миграций БД: 20261004192026_AddDirectories, 20261005063141_AddIdentityAndSubjects, 20261009142854_AddMustChangePassword, 20261009151139_AddSubjectDetails, 20261010082632_AddSubjectTerms, 20261010090653_AddAssignmentTasks, 20261010102841_AddMailConnection
fail: Microsoft.EntityFrameworkCore.Database.Command[20102]
      Failed executing DbCommand (4ms) [Parameters=[], CommandType='Text', CommandTimeout='30']
      SELECT "MigrationId", "ProductVersion"
      FROM "__EFMigrationsHistory"
      ORDER BY "MigrationId";
info: Microsoft.EntityFrameworkCore.Migrations[20402]
      Applying migration '20261004192026_AddDirectories'.
info: Microsoft.EntityFrameworkCore.Migrations[20402]
      Applying migration '20261005063141_AddIdentityAndSubjects'.
info: Microsoft.EntityFrameworkCore.Migrations[20402]
      Applying migration '20261009142854_AddMustChangePassword'.
info: Microsoft.EntityFrameworkCore.Migrations[20402]
      Applying migration '20261009151139_AddSubjectDetails'.
info: Microsoft.EntityFrameworkCore.Migrations[20402]
      Applying migration '20261010082632_AddSubjectTerms'.
info: Microsoft.EntityFrameworkCore.Migrations[20402]
      Applying migration '20261010090653_AddAssignmentTasks'.
info: Microsoft.EntityFrameworkCore.Migrations[20402]
      Applying migration '20261010102841_AddMailConnection'.
info: Microsoft.EntityFrameworkCore.Database.Command[20101]
      Executed DbCommand (30ms) [Parameters=[@normalizedName='?'], CommandType='Text', CommandTimeout='30']
      SELECT r.id, r.concurrency_stamp, r.name, r.normalized_name
      FROM roles AS r
      WHERE r.normalized_name = @normalizedName
      LIMIT 1
info: Microsoft.EntityFrameworkCore.Database.Command[20101]
      Executed DbCommand (1ms) [Parameters=[@normalizedName='?'], CommandType='Text', CommandTimeout='30']
      SELECT r.id, r.concurrency_stamp, r.name, r.normalized_name
      FROM roles AS r
      WHERE r.normalized_name = @normalizedName
      LIMIT 1
info: Microsoft.EntityFrameworkCore.Database.Command[20101]
      Executed DbCommand (2ms) [Parameters=[@p0='?', @p1='?', @p2='?'], CommandType='Text', CommandTimeout='30']
      INSERT INTO roles (concurrency_stamp, name, normalized_name)
      VALUES (@p0, @p1, @p2)
      RETURNING id;
info: Microsoft.EntityFrameworkCore.Database.Command[20101]
      Executed DbCommand (1ms) [Parameters=[@normalizedName='?'], CommandType='Text', CommandTimeout='30']
      SELECT r.id, r.concurrency_stamp, r.name, r.normalized_name
      FROM roles AS r
      WHERE r.normalized_name = @normalizedName
      LIMIT 1
info: Microsoft.EntityFrameworkCore.Database.Command[20101]
      Executed DbCommand (1ms) [Parameters=[@normalizedName='?'], CommandType='Text', CommandTimeout='30']
      SELECT r.id, r.concurrency_stamp, r.name, r.normalized_name
      FROM roles AS r
      WHERE r.normalized_name = @normalizedName
      LIMIT 1
info: Microsoft.EntityFrameworkCore.Database.Command[20101]
      Executed DbCommand (1ms) [Parameters=[@p0='?', @p1='?', @p2='?'], CommandType='Text', CommandTimeout='30']
      INSERT INTO roles (concurrency_stamp, name, normalized_name)
      VALUES (@p0, @p1, @p2)
      RETURNING id;
info: Microsoft.EntityFrameworkCore.Database.Command[20101]
      Executed DbCommand (1ms) [Parameters=[@normalizedRoleName='?'], CommandType='Text', CommandTimeout='30']
      SELECT r.id, r.concurrency_stamp, r.name, r.normalized_name
      FROM roles AS r
      WHERE r.normalized_name = @normalizedRoleName
      LIMIT 2
info: Microsoft.EntityFrameworkCore.Database.Command[20101]
      Executed DbCommand (2ms) [Parameters=[@role_Id='?' (DbType = Int32)], CommandType='Text', CommandTimeout='30']
      SELECT u0.id, u0.access_failed_count, u0.concurrency_stamp, u0.display_name, u0.email, u0.email_confirmed, u0.lockout_enabled, u0.lockout_end, u0.must_change_password, u0.normalized_email, u0.normalized_user_name, u0.password_hash, u0.phone_number, u0.phone_number_confirmed, u0.security_stamp, u0.two_factor_enabled, u0.user_name
      FROM user_roles AS u
      INNER JOIN users AS u0 ON u.user_id = u0.id
      WHERE u.role_id = @role_Id
info: Microsoft.EntityFrameworkCore.Database.Command[20101]
      Executed DbCommand (1ms) [Parameters=[@normalizedUserName='?'], CommandType='Text', CommandTimeout='30']
      SELECT u.id, u.access_failed_count, u.concurrency_stamp, u.display_name, u.email, u.email_confirmed, u.lockout_enabled, u.lockout_end, u.must_change_password, u.normalized_email, u.normalized_user_name, u.password_hash, u.phone_number, u.phone_number_confirmed, u.security_stamp, u.two_factor_enabled, u.user_name
      FROM users AS u
      WHERE u.normalized_user_name = @normalizedUserName
      LIMIT 1
info: Microsoft.EntityFrameworkCore.Database.Command[20101]
      Executed DbCommand (5ms) [Parameters=[@p0='?' (DbType = Int32), @p1='?', @p2='?', @p3='?', @p4='?' (DbType = Boolean), @p5='?' (DbType = Boolean), @p6='?' (DbType = DateTime), @p7='?' (DbType = Boolean), @p8='?', @p9='?', @p10='?', @p11='?', @p12='?' (DbType = Boolean), @p13='?', @p14='?' (DbType = Boolean), @p15='?'], CommandType='Text', CommandTimeout='30']
      INSERT INTO users (access_failed_count, concurrency_stamp, display_name, email, email_confirmed, lockout_enabled, lockout_end, must_change_password, normalized_email, normalized_user_name, password_hash, phone_number, phone_number_confirmed, security_stamp, two_factor_enabled, user_name)
      VALUES (@p0, @p1, @p2, @p3, @p4, @p5, @p6, @p7, @p8, @p9, @p10, @p11, @p12, @p13, @p14, @p15)
      RETURNING id;
info: Microsoft.EntityFrameworkCore.Database.Command[20101]
      Executed DbCommand (1ms) [Parameters=[@normalizedRoleName='?'], CommandType='Text', CommandTimeout='30']
      SELECT r.id, r.concurrency_stamp, r.name, r.normalized_name
      FROM roles AS r
      WHERE r.normalized_name = @normalizedRoleName
      LIMIT 2
info: Microsoft.EntityFrameworkCore.Database.Command[20101]
      Executed DbCommand (1ms) [Parameters=[@p='?' (DbType = Int32), @p1='?' (DbType = Int32)], CommandType='Text', CommandTimeout='30']
      SELECT u.user_id, u.role_id
      FROM user_roles AS u
      WHERE u.user_id = @p AND u.role_id = @p1
      LIMIT 1
info: Microsoft.EntityFrameworkCore.Database.Command[20101]
      Executed DbCommand (0ms) [Parameters=[@normalizedRoleName='?'], CommandType='Text', CommandTimeout='30']
      SELECT r.id, r.concurrency_stamp, r.name, r.normalized_name
      FROM roles AS r
      WHERE r.normalized_name = @normalizedRoleName
      LIMIT 2
info: Microsoft.EntityFrameworkCore.Database.Command[20101]
      Executed DbCommand (1ms) [Parameters=[@normalizedRoleName='?'], CommandType='Text', CommandTimeout='30']
      SELECT r.id, r.concurrency_stamp, r.name, r.normalized_name
      FROM roles AS r
      WHERE r.normalized_name = @normalizedRoleName
      LIMIT 2
info: Microsoft.EntityFrameworkCore.Database.Command[20101]
      Executed DbCommand (0ms) [Parameters=[@p='?' (DbType = Int32), @p1='?' (DbType = Int32)], CommandType='Text', CommandTimeout='30']
      SELECT u.user_id, u.role_id
      FROM user_roles AS u
      WHERE u.user_id = @p AND u.role_id = @p1
      LIMIT 1
info: Microsoft.EntityFrameworkCore.Database.Command[20101]
      Executed DbCommand (0ms) [Parameters=[@normalizedRoleName='?'], CommandType='Text', CommandTimeout='30']
      SELECT r.id, r.concurrency_stamp, r.name, r.normalized_name
      FROM roles AS r
      WHERE r.normalized_name = @normalizedRoleName
      LIMIT 2
info: Microsoft.EntityFrameworkCore.Database.Command[20101]
      Executed DbCommand (1ms) [Parameters=[@normalizedUserName='?'], CommandType='Text', CommandTimeout='30']
      SELECT u.id, u.access_failed_count, u.concurrency_stamp, u.display_name, u.email, u.email_confirmed, u.lockout_enabled, u.lockout_end, u.must_change_password, u.normalized_email, u.normalized_user_name, u.password_hash, u.phone_number, u.phone_number_confirmed, u.security_stamp, u.two_factor_enabled, u.user_name
      FROM users AS u
      WHERE u.normalized_user_name = @normalizedUserName
      LIMIT 1
info: Microsoft.EntityFrameworkCore.Database.Command[20101]
      Executed DbCommand (2ms) [Parameters=[@p0='?' (DbType = Int32), @p1='?' (DbType = Int32), @p2='?' (DbType = Int32), @p3='?' (DbType = Int32), @p20='?' (DbType = Int32), @p4='?' (DbType = Int32), @p5='?', @p21='?', @p6='?', @p7='?', @p8='?' (DbType = Boolean), @p9='?' (DbType = Boolean), @p10='?' (DbType = DateTime), @p11='?' (DbType = Boolean), @p12='?', @p13='?', @p14='?', @p15='?', @p16='?' (DbType = Boolean), @p17='?', @p18='?' (DbType = Boolean), @p19='?'], CommandType='Text', CommandTimeout='30']
      INSERT INTO user_roles (role_id, user_id)
      VALUES (@p0, @p1);
      INSERT INTO user_roles (role_id, user_id)
      VALUES (@p2, @p3);
      UPDATE users SET access_failed_count = @p4, concurrency_stamp = @p5, display_name = @p6, email = @p7, email_confirmed = @p8, lockout_enabled = @p9, lockout_end = @p10, must_change_password = @p11, normalized_email = @p12, normalized_user_name = @p13, password_hash = @p14, phone_number = @p15, phone_number_confirmed = @p16, security_stamp = @p17, two_factor_enabled = @p18, user_name = @p19
      WHERE id = @p20 AND concurrency_stamp = @p21;
info: LabScaner.Infrastructure.Identity.IdentitySeeder[2037226992]
      Создан первый администратор admin.
warn: Microsoft.AspNetCore.DataProtection.KeyManagement.XmlKeyManager[35]
      No XML encryptor configured. Key {5d51a8ee-4564-4dd0-989f-c2c87e67a7e7} may be persisted to storage in unencrypted form.
info: Microsoft.Hosting.Lifetime[14]
      Now listening on: http://127.0.0.1:5080
info: Microsoft.Hosting.Lifetime[0]
      Application started. Press Ctrl+C to shut down.
info: Microsoft.Hosting.Lifetime[0]
      Hosting environment: Production
info: Microsoft.Hosting.Lifetime[0]
      Content root path: /home/runner/work/labScaner/labScaner/publish
info: Microsoft.EntityFrameworkCore.Database.Command[20101]
      Executed DbCommand (1ms) [Parameters=[], CommandType='Text', CommandTimeout='30']
      SELECT 1
info: Microsoft.EntityFrameworkCore.Database.Command[20101]
      Executed DbCommand (1ms) [Parameters=[@normalizedUserName='?'], CommandType='Text', CommandTimeout='30']
      SELECT u.id, u.access_failed_count, u.concurrency_stamp, u.display_name, u.email, u.email_confirmed, u.lockout_enabled, u.lockout_end, u.must_change_password, u.normalized_email, u.normalized_user_name, u.password_hash, u.phone_number, u.phone_number_confirmed, u.security_stamp, u.two_factor_enabled, u.user_name
      FROM users AS u
      WHERE u.normalized_user_name = @normalizedUserName
      LIMIT 1
info: Microsoft.EntityFrameworkCore.Database.Command[20101]
      Executed DbCommand (1ms) [Parameters=[@normalizedUserName='?'], CommandType='Text', CommandTimeout='30']
      SELECT u.id, u.access_failed_count, u.concurrency_stamp, u.display_name, u.email, u.email_confirmed, u.lockout_enabled, u.lockout_end, u.must_change_password, u.normalized_email, u.normalized_user_name, u.password_hash, u.phone_number, u.phone_number_confirmed, u.security_stamp, u.two_factor_enabled, u.user_name
      FROM users AS u
      WHERE u.normalized_user_name = @normalizedUserName
      LIMIT 1
info: Microsoft.EntityFrameworkCore.Database.Command[20101]
      Executed DbCommand (1ms) [Parameters=[@p16='?' (DbType = Int32), @p0='?' (DbType = Int32), @p1='?', @p17='?', @p2='?', @p3='?', @p4='?' (DbType = Boolean), @p5='?' (DbType = Boolean), @p6='?' (DbType = DateTime), @p7='?' (DbType = Boolean), @p8='?', @p9='?', @p10='?', @p11='?', @p12='?' (DbType = Boolean), @p13='?', @p14='?' (DbType = Boolean), @p15='?'], CommandType='Text', CommandTimeout='30']
      UPDATE users SET access_failed_count = @p0, concurrency_stamp = @p1, display_name = @p2, email = @p3, email_confirmed = @p4, lockout_enabled = @p5, lockout_end = @p6, must_change_password = @p7, normalized_email = @p8, normalized_user_name = @p9, password_hash = @p10, phone_number = @p11, phone_number_confirmed = @p12, security_stamp = @p13, two_factor_enabled = @p14, user_name = @p15
      WHERE id = @p16 AND concurrency_stamp = @p17;
info: Microsoft.EntityFrameworkCore.Database.Command[20101]
      Executed DbCommand (1ms) [Parameters=[@normalizedUserName='?'], CommandType='Text', CommandTimeout='30']
      SELECT u.id, u.access_failed_count, u.concurrency_stamp, u.display_name, u.email, u.email_confirmed, u.lockout_enabled, u.lockout_end, u.must_change_password, u.normalized_email, u.normalized_user_name, u.password_hash, u.phone_number, u.phone_number_confirmed, u.security_stamp, u.two_factor_enabled, u.user_name
      FROM users AS u
      WHERE u.normalized_user_name = @normalizedUserName
      LIMIT 1
info: Microsoft.EntityFrameworkCore.Database.Command[20101]
      Executed DbCommand (1ms) [Parameters=[@normalizedUserName='?'], CommandType='Text', CommandTimeout='30']
      SELECT u.id, u.access_failed_count, u.concurrency_stamp, u.display_name, u.email, u.email_confirmed, u.lockout_enabled, u.lockout_end, u.must_change_password, u.normalized_email, u.normalized_user_name, u.password_hash, u.phone_number, u.phone_number_confirmed, u.security_stamp, u.two_factor_enabled, u.user_name
      FROM users AS u
      WHERE u.normalized_user_name = @normalizedUserName
      LIMIT 1
info: Microsoft.EntityFrameworkCore.Database.Command[20101]
      Executed DbCommand (1ms) [Parameters=[@p16='?' (DbType = Int32), @p0='?' (DbType = Int32), @p1='?', @p17='?', @p2='?', @p3='?', @p4='?' (DbType = Boolean), @p5='?' (DbType = Boolean), @p6='?' (DbType = DateTime), @p7='?' (DbType = Boolean), @p8='?', @p9='?', @p10='?', @p11='?', @p12='?' (DbType = Boolean), @p13='?', @p14='?' (DbType = Boolean), @p15='?'], CommandType='Text', CommandTimeout='30']
      UPDATE users SET access_failed_count = @p0, concurrency_stamp = @p1, display_name = @p2, email = @p3, email_confirmed = @p4, lockout_enabled = @p5, lockout_end = @p6, must_change_password = @p7, normalized_email = @p8, normalized_user_name = @p9, password_hash = @p10, phone_number = @p11, phone_number_confirmed = @p12, security_stamp = @p13, two_factor_enabled = @p14, user_name = @p15
      WHERE id = @p16 AND concurrency_stamp = @p17;
info: Microsoft.EntityFrameworkCore.Database.Command[20101]
      Executed DbCommand (1ms) [Parameters=[@user_Id='?' (DbType = Int32)], CommandType='Text', CommandTimeout='30']
      SELECT u.id, u.claim_type, u.claim_value, u.user_id
      FROM user_claims AS u
      WHERE u.user_id = @user_Id
info: Microsoft.EntityFrameworkCore.Database.Command[20101]
      Executed DbCommand (1ms) [Parameters=[@userId='?' (DbType = Int32)], CommandType='Text', CommandTimeout='30']
      SELECT r.name
      FROM user_roles AS u
      INNER JOIN roles AS r ON u.role_id = r.id
      WHERE u.user_id = @userId
info: Microsoft.EntityFrameworkCore.Database.Command[20101]
      Executed DbCommand (0ms) [Parameters=[@normalizedName='?'], CommandType='Text', CommandTimeout='30']
      SELECT r.id, r.concurrency_stamp, r.name, r.normalized_name
      FROM roles AS r
      WHERE r.normalized_name = @normalizedName
      LIMIT 1
info: Microsoft.EntityFrameworkCore.Database.Command[20101]
      Executed DbCommand (1ms) [Parameters=[@role_Id='?' (DbType = Int32)], CommandType='Text', CommandTimeout='30']
      SELECT r.claim_type, r.claim_value
      FROM role_claims AS r
      WHERE r.role_id = @role_Id
info: Microsoft.EntityFrameworkCore.Database.Command[20101]
      Executed DbCommand (0ms) [Parameters=[@normalizedName='?'], CommandType='Text', CommandTimeout='30']
      SELECT r.id, r.concurrency_stamp, r.name, r.normalized_name
      FROM roles AS r
      WHERE r.normalized_name = @normalizedName
      LIMIT 1
info: Microsoft.EntityFrameworkCore.Database.Command[20101]
      Executed DbCommand (0ms) [Parameters=[@role_Id='?' (DbType = Int32)], CommandType='Text', CommandTimeout='30']
      SELECT r.claim_type, r.claim_value
      FROM role_claims AS r
      WHERE r.role_id = @role_Id
info: Microsoft.EntityFrameworkCore.Database.Command[20101]
      Executed DbCommand (1ms) [Parameters=[@ef_filter__CurrentTeacherId='?' (DbType = Int32)], CommandType='Text', CommandTimeout='30']
      SELECT m.address AS "Address", m.last_check_ok AS "LastCheckOk"
      FROM mail_connections AS m
      WHERE m.teacher_id = @ef_filter__CurrentTeacherId
      LIMIT 1
info: Microsoft.EntityFrameworkCore.Database.Command[20101]
      Executed DbCommand (1ms) [Parameters=[@ef_filter__CurrentTeacherId='?' (DbType = Int32)], CommandType='Text', CommandTimeout='30']
      SELECT m.address AS "Address", m.last_check_ok AS "LastCheckOk"
      FROM mail_connections AS m
      WHERE m.teacher_id = @ef_filter__CurrentTeacherId
      LIMIT 1
info: Microsoft.EntityFrameworkCore.Database.Command[20101]
      Executed DbCommand (3ms) [Parameters=[@ef_filter__CurrentTeacherId='?' (DbType = Int32)], CommandType='Text', CommandTimeout='30']
      SELECT s.id, s.disk_root_path, s.general_requirements, s.study_semester, s.subject_id, s.teacher_id, s.term_id, s1.id, s1.ai_reference_text, s1.code, s1.disk_path_template, s1.final_assessment, s1.is_active, s1.name, s1.teacher_id, s1.aliases, t.id, t.academic_year, t.credit_week_start, t.season, t.session_start
      FROM subject_terms AS s
      INNER JOIN (
          SELECT s0.id, s0.ai_reference_text, s0.code, s0.disk_path_template, s0.final_assessment, s0.is_active, s0.name, s0.teacher_id, s0.aliases
          FROM subjects AS s0
          WHERE s0.teacher_id = @ef_filter__CurrentTeacherId
      ) AS s1 ON s.subject_id = s1.id
      INNER JOIN terms AS t ON s.term_id = t.id
      WHERE s.teacher_id = @ef_filter__CurrentTeacherId
      ORDER BY s.id, s1.id, t.id
info: Microsoft.EntityFrameworkCore.Database.Command[20101]
      Executed DbCommand (1ms) [Parameters=[@ef_filter__CurrentTeacherId='?' (DbType = Int32)], CommandType='Text', CommandTimeout='30']
      SELECT m.address AS "Address", m.last_check_ok AS "LastCheckOk"
      FROM mail_connections AS m
      WHERE m.teacher_id = @ef_filter__CurrentTeacherId
      LIMIT 1
info: Microsoft.EntityFrameworkCore.Database.Command[20101]
      Executed DbCommand (1ms) [Parameters=[@ef_filter__CurrentTeacherId='?' (DbType = Int32)], CommandType='Text', CommandTimeout='30']
      SELECT m.address AS "Address", m.last_check_ok AS "LastCheckOk"
      FROM mail_connections AS m
      WHERE m.teacher_id = @ef_filter__CurrentTeacherId
      LIMIT 1
info: Microsoft.EntityFrameworkCore.Database.Command[20101]
      Executed DbCommand (1ms) [Parameters=[@ef_filter__CurrentTeacherId='?' (DbType = Int32)], CommandType='Text', CommandTimeout='30']
      SELECT m.address AS "Address", m.last_check_ok AS "LastCheckOk"
      FROM mail_connections AS m
      WHERE m.teacher_id = @ef_filter__CurrentTeacherId
      LIMIT 1
info: Microsoft.EntityFrameworkCore.Database.Command[20101]
      Executed DbCommand (1ms) [Parameters=[@ef_filter__CurrentTeacherId='?' (DbType = Int32)], CommandType='Text', CommandTimeout='30']
      SELECT m.address AS "Address", m.last_check_ok AS "LastCheckOk"
      FROM mail_connections AS m
      WHERE m.teacher_id = @ef_filter__CurrentTeacherId
      LIMIT 1
info: Microsoft.EntityFrameworkCore.Database.Command[20101]
      Executed DbCommand (1ms) [Parameters=[@ef_filter__CurrentTeacherId='?' (DbType = Int32)], CommandType='Text', CommandTimeout='30']
      SELECT m.address AS "Address", m.last_check_ok AS "LastCheckOk"
      FROM mail_connections AS m
      WHERE m.teacher_id = @ef_filter__CurrentTeacherId
      LIMIT 1
info: Microsoft.EntityFrameworkCore.Database.Command[20101]
      Executed DbCommand (1ms) [Parameters=[@ef_filter__CurrentTeacherId='?' (DbType = Int32)], CommandType='Text', CommandTimeout='30']
      SELECT s.id, s.ai_reference_text, s.code, s.disk_path_template, s.final_assessment, s.is_active, s.name, s.teacher_id, s.aliases
      FROM subjects AS s
      WHERE s.teacher_id = @ef_filter__CurrentTeacherId
info: Microsoft.EntityFrameworkCore.Database.Command[20101]
      Executed DbCommand (1ms) [Parameters=[@ef_filter__CurrentTeacherId='?' (DbType = Int32)], CommandType='Text', CommandTimeout='30']
      SELECT m.address AS "Address", m.last_check_ok AS "LastCheckOk"
      FROM mail_connections AS m
      WHERE m.teacher_id = @ef_filter__CurrentTeacherId
      LIMIT 1
info: Microsoft.EntityFrameworkCore.Database.Command[20101]
      Executed DbCommand (2ms) [Parameters=[], CommandType='Text', CommandTimeout='30']
      SELECT g.id AS "Id", g.name AS "Name", (
          SELECT count(*)::int
          FROM students AS s
          WHERE g.id = s.group_id AND s.is_active) AS "Active"
      FROM groups AS g
info: Microsoft.EntityFrameworkCore.Database.Command[20101]
      Executed DbCommand (1ms) [Parameters=[@ef_filter__CurrentTeacherId='?' (DbType = Int32)], CommandType='Text', CommandTimeout='30']
      SELECT m.address AS "Address", m.last_check_ok AS "LastCheckOk"
      FROM mail_connections AS m
      WHERE m.teacher_id = @ef_filter__CurrentTeacherId
      LIMIT 1
info: Microsoft.EntityFrameworkCore.Database.Command[20101]
      Executed DbCommand (1ms) [Parameters=[], CommandType='Text', CommandTimeout='30']
      SELECT t.id, t.academic_year, t.credit_week_start, t.season, t.session_start
      FROM terms AS t
info: Microsoft.EntityFrameworkCore.Database.Command[20101]
      Executed DbCommand (1ms) [Parameters=[@ef_filter__CurrentTeacherId='?' (DbType = Int32)], CommandType='Text', CommandTimeout='30']
      SELECT m.address AS "Address", m.last_check_ok AS "LastCheckOk"
      FROM mail_connections AS m
      WHERE m.teacher_id = @ef_filter__CurrentTeacherId
      LIMIT 1
info: Microsoft.EntityFrameworkCore.Database.Command[20101]
      Executed DbCommand (1ms) [Parameters=[@ef_filter__CurrentTeacherId='?' (DbType = Int32)], CommandType='Text', CommandTimeout='30']
      SELECT m.address AS "Address", m.last_check_ok AS "LastCheckOk"
      FROM mail_connections AS m
      WHERE m.teacher_id = @ef_filter__CurrentTeacherId
      LIMIT 1
info: Microsoft.EntityFrameworkCore.Database.Command[20101]
      Executed DbCommand (1ms) [Parameters=[@normalizedRoleName='?'], CommandType='Text', CommandTimeout='30']
      SELECT r.id, r.concurrency_stamp, r.name, r.normalized_name
      FROM roles AS r
      WHERE r.normalized_name = @normalizedRoleName
      LIMIT 2
info: Microsoft.EntityFrameworkCore.Database.Command[20101]
      Executed DbCommand (1ms) [Parameters=[@role_Id='?' (DbType = Int32)], CommandType='Text', CommandTimeout='30']
      SELECT u0.id, u0.access_failed_count, u0.concurrency_stamp, u0.display_name, u0.email, u0.email_confirmed, u0.lockout_enabled, u0.lockout_end, u0.must_change_password, u0.normalized_email, u0.normalized_user_name, u0.password_hash, u0.phone_number, u0.phone_number_confirmed, u0.security_stamp, u0.two_factor_enabled, u0.user_name
      FROM user_roles AS u
      INNER JOIN users AS u0 ON u.user_id = u0.id
      WHERE u.role_id = @role_Id
info: Microsoft.EntityFrameworkCore.Database.Command[20101]
      Executed DbCommand (0ms) [Parameters=[], CommandType='Text', CommandTimeout='30']
      SELECT s.teacher_id AS "TeacherId", s.code AS "Code"
      FROM subjects AS s
      WHERE s.is_active
info: Microsoft.EntityFrameworkCore.Database.Command[20101]
      Executed DbCommand (0ms) [Parameters=[], CommandType='Text', CommandTimeout='30']
      SELECT u.id, u.access_failed_count, u.concurrency_stamp, u.display_name, u.email, u.email_confirmed, u.lockout_enabled, u.lockout_end, u.must_change_password, u.normalized_email, u.normalized_user_name, u.password_hash, u.phone_number, u.phone_number_confirmed, u.security_stamp, u.two_factor_enabled, u.user_name
      FROM users AS u
      ORDER BY u.display_name
info: Microsoft.EntityFrameworkCore.Database.Command[20101]
      Executed DbCommand (1ms) [Parameters=[@ef_filter__CurrentTeacherId='?' (DbType = Int32)], CommandType='Text', CommandTimeout='30']
      SELECT m.address AS "Address", m.last_check_ok AS "LastCheckOk"
      FROM mail_connections AS m
      WHERE m.teacher_id = @ef_filter__CurrentTeacherId
      LIMIT 1
info: Microsoft.EntityFrameworkCore.Database.Command[20101]
      Executed DbCommand (1ms) [Parameters=[], CommandType='Text', CommandTimeout='30']
      SELECT t.id, t.academic_year, t.credit_week_start, t.season, t.session_start
      FROM terms AS t
info: Microsoft.EntityFrameworkCore.Database.Command[20101]
      Executed DbCommand (1ms) [Parameters=[@ef_filter__CurrentTeacherId='?' (DbType = Int32)], CommandType='Text', CommandTimeout='30']
      SELECT m.address AS "Address", m.last_check_ok AS "LastCheckOk"
      FROM mail_connections AS m
      WHERE m.teacher_id = @ef_filter__CurrentTeacherId
      LIMIT 1
info: Microsoft.EntityFrameworkCore.Database.Command[20101]
      Executed DbCommand (1ms) [Parameters=[@ef_filter__CurrentTeacherId='?' (DbType = Int32)], CommandType='Text', CommandTimeout='30']
      SELECT m.address AS "Address", m.last_check_ok AS "LastCheckOk"
      FROM mail_connections AS m
      WHERE m.teacher_id = @ef_filter__CurrentTeacherId
      LIMIT 1
info: Microsoft.EntityFrameworkCore.Database.Command[20101]
      Executed DbCommand (1ms) [Parameters=[@normalizedRoleName='?'], CommandType='Text', CommandTimeout='30']
      SELECT r.id, r.concurrency_stamp, r.name, r.normalized_name
      FROM roles AS r
      WHERE r.normalized_name = @normalizedRoleName
      LIMIT 2
info: Microsoft.EntityFrameworkCore.Database.Command[20101]
      Executed DbCommand (1ms) [Parameters=[@role_Id='?' (DbType = Int32)], CommandType='Text', CommandTimeout='30']
      SELECT u0.id, u0.access_failed_count, u0.concurrency_stamp, u0.display_name, u0.email, u0.email_confirmed, u0.lockout_enabled, u0.lockout_end, u0.must_change_password, u0.normalized_email, u0.normalized_user_name, u0.password_hash, u0.phone_number, u0.phone_number_confirmed, u0.security_stamp, u0.two_factor_enabled, u0.user_name
      FROM user_roles AS u
      INNER JOIN users AS u0 ON u.user_id = u0.id
      WHERE u.role_id = @role_Id
info: Microsoft.EntityFrameworkCore.Database.Command[20101]
      Executed DbCommand (0ms) [Parameters=[], CommandType='Text', CommandTimeout='30']
      SELECT s.teacher_id AS "TeacherId", s.code AS "Code"
      FROM subjects AS s
      WHERE s.is_active
info: Microsoft.EntityFrameworkCore.Database.Command[20101]
      Executed DbCommand (0ms) [Parameters=[], CommandType='Text', CommandTimeout='30']
      SELECT u.id, u.access_failed_count, u.concurrency_stamp, u.display_name, u.email, u.email_confirmed, u.lockout_enabled, u.lockout_end, u.must_change_password, u.normalized_email, u.normalized_user_name, u.password_hash, u.phone_number, u.phone_number_confirmed, u.security_stamp, u.two_factor_enabled, u.user_name
      FROM users AS u
      ORDER BY u.display_name
info: Microsoft.EntityFrameworkCore.Database.Command[20101]
      Executed DbCommand (0ms) [Parameters=[@ef_filter__CurrentTeacherId='?' (DbType = Int32)], CommandType='Text', CommandTimeout='30']
      SELECT m.address AS "Address", m.last_check_ok AS "LastCheckOk"
      FROM mail_connections AS m
      WHERE m.teacher_id = @ef_filter__CurrentTeacherId
      LIMIT 1
info: Microsoft.EntityFrameworkCore.Database.Command[20101]
      Executed DbCommand (1ms) [Parameters=[@normalizedUserName='?'], CommandType='Text', CommandTimeout='30']
      SELECT u.id, u.access_failed_count, u.concurrency_stamp, u.display_name, u.email, u.email_confirmed, u.lockout_enabled, u.lockout_end, u.must_change_password, u.normalized_email, u.normalized_user_name, u.password_hash, u.phone_number, u.phone_number_confirmed, u.security_stamp, u.two_factor_enabled, u.user_name
      FROM users AS u
      WHERE u.normalized_user_name = @normalizedUserName
      LIMIT 1
info: Microsoft.EntityFrameworkCore.Database.Command[20101]
      Executed DbCommand (92ms) [Parameters=[@p0='?' (DbType = Int32), @p1='?', @p2='?', @p3='?', @p4='?' (DbType = Boolean), @p5='?' (DbType = Boolean), @p6='?' (DbType = DateTime), @p7='?' (DbType = Boolean), @p8='?', @p9='?', @p10='?', @p11='?', @p12='?' (DbType = Boolean), @p13='?', @p14='?' (DbType = Boolean), @p15='?'], CommandType='Text', CommandTimeout='30']
      INSERT INTO users (access_failed_count, concurrency_stamp, display_name, email, email_confirmed, lockout_enabled, lockout_end, must_change_password, normalized_email, normalized_user_name, password_hash, phone_number, phone_number_confirmed, security_stamp, two_factor_enabled, user_name)
      VALUES (@p0, @p1, @p2, @p3, @p4, @p5, @p6, @p7, @p8, @p9, @p10, @p11, @p12, @p13, @p14, @p15)
      RETURNING id;
info: Microsoft.EntityFrameworkCore.Database.Command[20101]
      Executed DbCommand (0ms) [Parameters=[@normalizedRoleName='?'], CommandType='Text', CommandTimeout='30']
      SELECT r.id, r.concurrency_stamp, r.name, r.normalized_name
      FROM roles AS r
      WHERE r.normalized_name = @normalizedRoleName
      LIMIT 2
info: Microsoft.EntityFrameworkCore.Database.Command[20101]
      Executed DbCommand (1ms) [Parameters=[@p='?' (DbType = Int32), @p1='?' (DbType = Int32)], CommandType='Text', CommandTimeout='30']
      SELECT u.user_id, u.role_id
      FROM user_roles AS u
      WHERE u.user_id = @p AND u.role_id = @p1
      LIMIT 1
info: Microsoft.EntityFrameworkCore.Database.Command[20101]
      Executed DbCommand (0ms) [Parameters=[@normalizedRoleName='?'], CommandType='Text', CommandTimeout='30']
      SELECT r.id, r.concurrency_stamp, r.name, r.normalized_name
      FROM roles AS r
      WHERE r.normalized_name = @normalizedRoleName
      LIMIT 2
info: Microsoft.EntityFrameworkCore.Database.Command[20101]
      Executed DbCommand (1ms) [Parameters=[@normalizedUserName='?'], CommandType='Text', CommandTimeout='30']
      SELECT u.id, u.access_failed_count, u.concurrency_stamp, u.display_name, u.email, u.email_confirmed, u.lockout_enabled, u.lockout_end, u.must_change_password, u.normalized_email, u.normalized_user_name, u.password_hash, u.phone_number, u.phone_number_confirmed, u.security_stamp, u.two_factor_enabled, u.user_name
      FROM users AS u
      WHERE u.normalized_user_name = @normalizedUserName
      LIMIT 1
info: Microsoft.EntityFrameworkCore.Database.Command[20101]
      Executed DbCommand (1ms) [Parameters=[@p0='?' (DbType = Int32), @p1='?' (DbType = Int32), @p18='?' (DbType = Int32), @p2='?' (DbType = Int32), @p3='?', @p19='?', @p4='?', @p5='?', @p6='?' (DbType = Boolean), @p7='?' (DbType = Boolean), @p8='?' (DbType = DateTime), @p9='?' (DbType = Boolean), @p10='?', @p11='?', @p12='?', @p13='?', @p14='?' (DbType = Boolean), @p15='?', @p16='?' (DbType = Boolean), @p17='?'], CommandType='Text', CommandTimeout='30']
      INSERT INTO user_roles (role_id, user_id)
      VALUES (@p0, @p1);
      UPDATE users SET access_failed_count = @p2, concurrency_stamp = @p3, display_name = @p4, email = @p5, email_confirmed = @p6, lockout_enabled = @p7, lockout_end = @p8, must_change_password = @p9, normalized_email = @p10, normalized_user_name = @p11, password_hash = @p12, phone_number = @p13, phone_number_confirmed = @p14, security_stamp = @p15, two_factor_enabled = @p16, user_name = @p17
      WHERE id = @p18 AND concurrency_stamp = @p19;
info: Microsoft.EntityFrameworkCore.Database.Command[20101]
      Executed DbCommand (1ms) [Parameters=[@normalizedRoleName='?'], CommandType='Text', CommandTimeout='30']
      SELECT r.id, r.concurrency_stamp, r.name, r.normalized_name
      FROM roles AS r
      WHERE r.normalized_name = @normalizedRoleName
      LIMIT 2
info: Microsoft.EntityFrameworkCore.Database.Command[20101]
      Executed DbCommand (1ms) [Parameters=[@role_Id='?' (DbType = Int32)], CommandType='Text', CommandTimeout='30']
      SELECT u0.id, u0.access_failed_count, u0.concurrency_stamp, u0.display_name, u0.email, u0.email_confirmed, u0.lockout_enabled, u0.lockout_end, u0.must_change_password, u0.normalized_email, u0.normalized_user_name, u0.password_hash, u0.phone_number, u0.phone_number_confirmed, u0.security_stamp, u0.two_factor_enabled, u0.user_name
      FROM user_roles AS u
      INNER JOIN users AS u0 ON u.user_id = u0.id
      WHERE u.role_id = @role_Id
info: Microsoft.EntityFrameworkCore.Database.Command[20101]
      Executed DbCommand (0ms) [Parameters=[], CommandType='Text', CommandTimeout='30']
      SELECT s.teacher_id AS "TeacherId", s.code AS "Code"
      FROM subjects AS s
      WHERE s.is_active
info: Microsoft.EntityFrameworkCore.Database.Command[20101]
      Executed DbCommand (0ms) [Parameters=[], CommandType='Text', CommandTimeout='30']
      SELECT u.id, u.access_failed_count, u.concurrency_stamp, u.display_name, u.email, u.email_confirmed, u.lockout_enabled, u.lockout_end, u.must_change_password, u.normalized_email, u.normalized_user_name, u.password_hash, u.phone_number, u.phone_number_confirmed, u.security_stamp, u.two_factor_enabled, u.user_name
      FROM users AS u
      ORDER BY u.display_name
info: Microsoft.EntityFrameworkCore.Database.Command[20101]
      Executed DbCommand (0ms) [Parameters=[@ef_filter__CurrentTeacherId='?' (DbType = Int32)], CommandType='Text', CommandTimeout='30']
      SELECT m.address AS "Address", m.last_check_ok AS "LastCheckOk"
      FROM mail_connections AS m
      WHERE m.teacher_id = @ef_filter__CurrentTeacherId
      LIMIT 1
info: Microsoft.EntityFrameworkCore.Database.Command[20101]
      Executed DbCommand (1ms) [Parameters=[], CommandType='Text', CommandTimeout='30']
      SELECT t.id, t.academic_year, t.credit_week_start, t.season, t.session_start
      FROM terms AS t
info: Microsoft.EntityFrameworkCore.Database.Command[20101]
      Executed DbCommand (0ms) [Parameters=[@ef_filter__CurrentTeacherId='?' (DbType = Int32)], CommandType='Text', CommandTimeout='30']
      SELECT m.address AS "Address", m.last_check_ok AS "LastCheckOk"
      FROM mail_connections AS m
      WHERE m.teacher_id = @ef_filter__CurrentTeacherId
      LIMIT 1
info: Microsoft.EntityFrameworkCore.Database.Command[20101]
      Executed DbCommand (1ms) [Parameters=[@term_AcademicYear='?', @term_Season='?'], CommandType='Text', CommandTimeout='30']
      SELECT EXISTS (
          SELECT 1
          FROM terms AS t
          WHERE t.academic_year = @term_AcademicYear AND t.season = @term_Season)
info: Microsoft.EntityFrameworkCore.Database.Command[20101]
      Executed DbCommand (1ms) [Parameters=[@p0='?', @p1='?' (DbType = Date), @p2='?', @p3='?' (DbType = Date)], CommandType='Text', CommandTimeout='30']
      INSERT INTO terms (academic_year, credit_week_start, season, session_start)
      VALUES (@p0, @p1, @p2, @p3)
      RETURNING id;
info: Microsoft.EntityFrameworkCore.Database.Command[20101]
      Executed DbCommand (0ms) [Parameters=[], CommandType='Text', CommandTimeout='30']
      SELECT t.id, t.academic_year, t.credit_week_start, t.season, t.session_start
      FROM terms AS t
info: Microsoft.EntityFrameworkCore.Database.Command[20101]
      Executed DbCommand (0ms) [Parameters=[@ef_filter__CurrentTeacherId='?' (DbType = Int32)], CommandType='Text', CommandTimeout='30']
      SELECT m.address AS "Address", m.last_check_ok AS "LastCheckOk"
      FROM mail_connections AS m
      WHERE m.teacher_id = @ef_filter__CurrentTeacherId
      LIMIT 1
info: Microsoft.EntityFrameworkCore.Database.Command[20101]
      Executed DbCommand (1ms) [Parameters=[@ef_filter__CurrentTeacherId='?' (DbType = Int32)], CommandType='Text', CommandTimeout='30']
      SELECT m.address AS "Address", m.last_check_ok AS "LastCheckOk"
      FROM mail_connections AS m
      WHERE m.teacher_id = @ef_filter__CurrentTeacherId
      LIMIT 1
warn: Microsoft.EntityFrameworkCore.Query[20504]
      Compiling a query which loads related collections for more than one collection navigation, either via 'Include' or through projection, but no 'QuerySplittingBehavior' has been configured. By default, Entity Framework will use 'QuerySplittingBehavior.SingleQuery', which can potentially result in slow query performance. See https://go.microsoft.com/fwlink/?linkid=2134277 for more information. To identify the query that's triggering this warning call 'ConfigureWarnings(w => w.Throw(RelationalEventId.MultipleCollectionIncludeWarning))'.
info: Microsoft.EntityFrameworkCore.Database.Command[20101]
      Executed DbCommand (2ms) [Parameters=[], CommandType='Text', CommandTimeout='30']
      SELECT g.id, g.admission_year, g.direction, g.name, g.name_key, s1.id, s1.first_name, s1.group_id, s1.is_active, s1.last_name, s1.middle_name, s1.id0, s1.created_at, s1.email, s1.source, s1.student_id
      FROM groups AS g
      LEFT JOIN (
          SELECT s.id, s.first_name, s.group_id, s.is_active, s.last_name, s.middle_name, s0.id AS id0, s0.created_at, s0.email, s0.source, s0.student_id
          FROM students AS s
          LEFT JOIN student_emails AS s0 ON s.id = s0.student_id
      ) AS s1 ON g.id = s1.group_id
      ORDER BY g.id, s1.id
info: Microsoft.EntityFrameworkCore.Database.Command[20101]
      Executed DbCommand (1ms) [Parameters=[@ef_filter__CurrentTeacherId='?' (DbType = Int32)], CommandType='Text', CommandTimeout='30']
      SELECT m.address AS "Address", m.last_check_ok AS "LastCheckOk"
      FROM mail_connections AS m
      WHERE m.teacher_id = @ef_filter__CurrentTeacherId
      LIMIT 1
warn: Microsoft.EntityFrameworkCore.Query[20504]
      Compiling a query which loads related collections for more than one collection navigation, either via 'Include' or through projection, but no 'QuerySplittingBehavior' has been configured. By default, Entity Framework will use 'QuerySplittingBehavior.SingleQuery', which can potentially result in slow query performance. See https://go.microsoft.com/fwlink/?linkid=2134277 for more information. To identify the query that's triggering this warning call 'ConfigureWarnings(w => w.Throw(RelationalEventId.MultipleCollectionIncludeWarning))'.
info: Microsoft.EntityFrameworkCore.Database.Command[20101]
      Executed DbCommand (1ms) [Parameters=[@key='?'], CommandType='Text', CommandTimeout='30']
      SELECT g0.id, g0.admission_year, g0.direction, g0.name, g0.name_key, s1.id, s1.first_name, s1.group_id, s1.is_active, s1.last_name, s1.middle_name, s1.id0, s1.created_at, s1.email, s1.source, s1.student_id
      FROM (
          SELECT g.id, g.admission_year, g.direction, g.name, g.name_key
          FROM groups AS g
          WHERE g.name_key = @key
          LIMIT 2
      ) AS g0
      LEFT JOIN (
          SELECT s.id, s.first_name, s.group_id, s.is_active, s.last_name, s.middle_name, s0.id AS id0, s0.created_at, s0.email, s0.source, s0.student_id
          FROM students AS s
          LEFT JOIN student_emails AS s0 ON s.id = s0.student_id
      ) AS s1 ON g0.id = s1.group_id
      ORDER BY g0.id, s1.id
info: Microsoft.EntityFrameworkCore.Database.Command[20101]
      Executed DbCommand (1ms) [Parameters=[@key='?'], CommandType='Text', CommandTimeout='30']
      SELECT g0.id, g0.admission_year, g0.direction, g0.name, g0.name_key, s1.id, s1.first_name, s1.group_id, s1.is_active, s1.last_name, s1.middle_name, s1.id0, s1.created_at, s1.email, s1.source, s1.student_id
      FROM (
          SELECT g.id, g.admission_year, g.direction, g.name, g.name_key
          FROM groups AS g
          WHERE g.name_key = @key
          LIMIT 2
      ) AS g0
      LEFT JOIN (
          SELECT s.id, s.first_name, s.group_id, s.is_active, s.last_name, s.middle_name, s0.id AS id0, s0.created_at, s0.email, s0.source, s0.student_id
          FROM students AS s
          LEFT JOIN student_emails AS s0 ON s.id = s0.student_id
      ) AS s1 ON g0.id = s1.group_id
      ORDER BY g0.id, s1.id
info: Microsoft.EntityFrameworkCore.Database.Command[20101]
      Executed DbCommand (1ms) [Parameters=[@p0='?' (DbType = Int32), @p1='?', @p2='?', @p3='?', @p4='?' (DbType = Int32), @p5='?', @p6='?', @p7='?'], CommandType='Text', CommandTimeout='30']
      INSERT INTO groups (admission_year, direction, name, name_key)
      VALUES (@p0, @p1, @p2, @p3)
      RETURNING id;
      INSERT INTO groups (admission_year, direction, name, name_key)
      VALUES (@p4, @p5, @p6, @p7)
      RETURNING id;
info: Microsoft.EntityFrameworkCore.Database.Command[20101]
      Executed DbCommand (6ms) [Parameters=[@p8='?', @p9='?' (DbType = Int32), @p10='?' (DbType = Boolean), @p11='?', @p12='?', @p13='?', @p14='?' (DbType = Int32), @p15='?' (DbType = Boolean), @p16='?', @p17='?', @p18='?', @p19='?' (DbType = Int32), @p20='?' (DbType = Boolean), @p21='?', @p22='?', @p23='?', @p24='?' (DbType = Int32), @p25='?' (DbType = Boolean), @p26='?', @p27='?', @p28='?', @p29='?' (DbType = Int32), @p30='?' (DbType = Boolean), @p31='?', @p32='?', @p33='?', @p34='?' (DbType = Int32), @p35='?' (DbType = Boolean), @p36='?', @p37='?', @p38='?', @p39='?' (DbType = Int32), @p40='?' (DbType = Boolean), @p41='?', @p42='?', @p43='?', @p44='?' (DbType = Int32), @p45='?' (DbType = Boolean), @p46='?', @p47='?', @p48='?', @p49='?' (DbType = Int32), @p50='?' (DbType = Boolean), @p51='?', @p52='?', @p53='?', @p54='?' (DbType = Int32), @p55='?' (DbType = Boolean), @p56='?', @p57='?', @p58='?', @p59='?' (DbType = Int32), @p60='?' (DbType = Boolean), @p61='?', @p62='?', @p63='?', @p64='?' (DbType = Int32), @p65='?' (DbType = Boolean), @p66='?', @p67='?', @p68='?', @p69='?' (DbType = Int32), @p70='?' (DbType = Boolean), @p71='?', @p72='?', @p73='?', @p74='?' (DbType = Int32), @p75='?' (DbType = Boolean), @p76='?', @p77='?', @p78='?', @p79='?' (DbType = Int32), @p80='?' (DbType = Boolean), @p81='?', @p82='?', @p83='?', @p84='?' (DbType = Int32), @p85='?' (DbType = Boolean), @p86='?', @p87='?', @p88='?', @p89='?' (DbType = Int32), @p90='?' (DbType = Boolean), @p91='?', @p92='?', @p93='?', @p94='?' (DbType = Int32), @p95='?' (DbType = Boolean), @p96='?', @p97='?', @p98='?', @p99='?' (DbType = Int32), @p100='?' (DbType = Boolean), @p101='?', @p102='?', @p103='?', @p104='?' (DbType = Int32), @p105='?' (DbType = Boolean), @p106='?', @p107='?', @p108='?', @p109='?' (DbType = Int32), @p110='?' (DbType = Boolean), @p111='?', @p112='?', @p113='?', @p114='?' (DbType = Int32), @p115='?' (DbType = Boolean), @p116='?', @p117='?', @p118='?', @p119='?' (DbType = Int32), @p120='?' (DbType = Boolean), @p121='?', @p122='?', @p123='?', @p124='?' (DbType = Int32), @p125='?' (DbType = Boolean), @p126='?', @p127='?', @p128='?', @p129='?' (DbType = Int32), @p130='?' (DbType = Boolean), @p131='?', @p132='?', @p133='?', @p134='?' (DbType = Int32), @p135='?' (DbType = Boolean), @p136='?', @p137='?', @p138='?', @p139='?' (DbType = Int32), @p140='?' (DbType = Boolean), @p141='?', @p142='?', @p143='?', @p144='?' (DbType = Int32), @p145='?' (DbType = Boolean), @p146='?', @p147='?', @p148='?', @p149='?' (DbType = Int32), @p150='?' (DbType = Boolean), @p151='?', @p152='?', @p153='?', @p154='?' (DbType = Int32), @p155='?' (DbType = Boolean), @p156='?', @p157='?', @p158='?', @p159='?' (DbType = Int32), @p160='?' (DbType = Boolean), @p161='?', @p162='?', @p163='?', @p164='?' (DbType = Int32), @p165='?' (DbType = Boolean), @p166='?', @p167='?', @p168='?', @p169='?' (DbType = Int32), @p170='?' (DbType = Boolean), @p171='?', @p172='?', @p173='?', @p174='?' (DbType = Int32), @p175='?' (DbType = Boolean), @p176='?', @p177='?', @p178='?', @p179='?' (DbType = Int32), @p180='?' (DbType = Boolean), @p181='?', @p182='?', @p183='?', @p184='?' (DbType = Int32), @p185='?' (DbType = Boolean), @p186='?', @p187='?', @p188='?', @p189='?' (DbType = Int32), @p190='?' (DbType = Boolean), @p191='?', @p192='?', @p193='?', @p194='?' (DbType = Int32), @p195='?' (DbType = Boolean), @p196='?', @p197='?', @p198='?', @p199='?' (DbType = Int32), @p200='?' (DbType = Boolean), @p201='?', @p202='?', @p203='?', @p204='?' (DbType = Int32), @p205='?' (DbType = Boolean), @p206='?', @p207='?', @p208='?', @p209='?' (DbType = Int32), @p210='?' (DbType = Boolean), @p211='?', @p212='?'], CommandType='Text', CommandTimeout='30']
      INSERT INTO students (first_name, group_id, is_active, last_name, middle_name)
      VALUES (@p8, @p9, @p10, @p11, @p12)
      RETURNING id;
      INSERT INTO students (first_name, group_id, is_active, last_name, middle_name)
      VALUES (@p13, @p14, @p15, @p16, @p17)
      RETURNING id;
      INSERT INTO students (first_name, group_id, is_active, last_name, middle_name)
      VALUES (@p18, @p19, @p20, @p21, @p22)
      RETURNING id;
      INSERT INTO students (first_name, group_id, is_active, last_name, middle_name)
      VALUES (@p23, @p24, @p25, @p26, @p27)
      RETURNING id;
      INSERT INTO students (first_name, group_id, is_active, last_name, middle_name)
      VALUES (@p28, @p29, @p30, @p31, @p32)
      RETURNING id;
      INSERT INTO students (first_name, group_id, is_active, last_name, middle_name)
      VALUES (@p33, @p34, @p35, @p36, @p37)
      RETURNING id;
      INSERT INTO students (first_name, group_id, is_active, last_name, middle_name)
      VALUES (@p38, @p39, @p40, @p41, @p42)
      RETURNING id;
      INSERT INTO students (first_name, group_id, is_active, last_name, middle_name)
      VALUES (@p43, @p44, @p45, @p46, @p47)
      RETURNING id;
      INSERT INTO students (first_name, group_id, is_active, last_name, middle_name)
      VALUES (@p48, @p49, @p50, @p51, @p52)
      RETURNING id;
      INSERT INTO students (first_name, group_id, is_active, last_name, middle_name)
      VALUES (@p53, @p54, @p55, @p56, @p57)
      RETURNING id;
      INSERT INTO students (first_name, group_id, is_active, last_name, middle_name)
      VALUES (@p58, @p59, @p60, @p61, @p62)
      RETURNING id;
      INSERT INTO students (first_name, group_id, is_active, last_name, middle_name)
      VALUES (@p63, @p64, @p65, @p66, @p67)
      RETURNING id;
      INSERT INTO students (first_name, group_id, is_active, last_name, middle_name)
      VALUES (@p68, @p69, @p70, @p71, @p72)
      RETURNING id;
      INSERT INTO students (first_name, group_id, is_active, last_name, middle_name)
      VALUES (@p73, @p74, @p75, @p76, @p77)
      RETURNING id;
      INSERT INTO students (first_name, group_id, is_active, last_name, middle_name)
      VALUES (@p78, @p79, @p80, @p81, @p82)
      RETURNING id;
      INSERT INTO students (first_name, group_id, is_active, last_name, middle_name)
      VALUES (@p83, @p84, @p85, @p86, @p87)
      RETURNING id;
      INSERT INTO students (first_name, group_id, is_active, last_name, middle_name)
      VALUES (@p88, @p89, @p90, @p91, @p92)
      RETURNING id;
      INSERT INTO students (first_name, group_id, is_active, last_name, middle_name)
      VALUES (@p93, @p94, @p95, @p96, @p97)
      RETURNING id;
      INSERT INTO students (first_name, group_id, is_active, last_name, middle_name)
      VALUES (@p98, @p99, @p100, @p101, @p102)
      RETURNING id;
      INSERT INTO students (first_name, group_id, is_active, last_name, middle_name)
      VALUES (@p103, @p104, @p105, @p106, @p107)
      RETURNING id;
      INSERT INTO students (first_name, group_id, is_active, last_name, middle_name)
      VALUES (@p108, @p109, @p110, @p111, @p112)
      RETURNING id;
      INSERT INTO students (first_name, group_id, is_active, last_name, middle_name)
      VALUES (@p113, @p114, @p115, @p116, @p117)
      RETURNING id;
      INSERT INTO students (first_name, group_id, is_active, last_name, middle_name)
      VALUES (@p118, @p119, @p120, @p121, @p122)
      RETURNING id;
      INSERT INTO students (first_name, group_id, is_active, last_name, middle_name)
      VALUES (@p123, @p124, @p125, @p126, @p127)
      RETURNING id;
      INSERT INTO students (first_name, group_id, is_active, last_name, middle_name)
      VALUES (@p128, @p129, @p130, @p131, @p132)
      RETURNING id;
      INSERT INTO students (first_name, group_id, is_active, last_name, middle_name)
      VALUES (@p133, @p134, @p135, @p136, @p137)
      RETURNING id;
      INSERT INTO students (first_name, group_id, is_active, last_name, middle_name)
      VALUES (@p138, @p139, @p140, @p141, @p142)
      RETURNING id;
      INSERT INTO students (first_name, group_id, is_active, last_name, middle_name)
      VALUES (@p143, @p144, @p145, @p146, @p147)
      RETURNING id;
      INSERT INTO students (first_name, group_id, is_active, last_name, middle_name)
      VALUES (@p148, @p149, @p150, @p151, @p152)
      RETURNING id;
      INSERT INTO students (first_name, group_id, is_active, last_name, middle_name)
      VALUES (@p153, @p154, @p155, @p156, @p157)
      RETURNING id;
      INSERT INTO students (first_name, group_id, is_active, last_name, middle_name)
      VALUES (@p158, @p159, @p160, @p161, @p162)
      RETURNING id;
      INSERT INTO students (first_name, group_id, is_active, last_name, middle_name)
      VALUES (@p163, @p164, @p165, @p166, @p167)
      RETURNING id;
      INSERT INTO students (first_name, group_id, is_active, last_name, middle_name)
      VALUES (@p168, @p169, @p170, @p171, @p172)
      RETURNING id;
      INSERT INTO students (first_name, group_id, is_active, last_name, middle_name)
      VALUES (@p173, @p174, @p175, @p176, @p177)
      RETURNING id;
      INSERT INTO students (first_name, group_id, is_active, last_name, middle_name)
      VALUES (@p178, @p179, @p180, @p181, @p182)
      RETURNING id;
      INSERT INTO students (first_name, group_id, is_active, last_name, middle_name)
      VALUES (@p183, @p184, @p185, @p186, @p187)
      RETURNING id;
      INSERT INTO students (first_name, group_id, is_active, last_name, middle_name)
      VALUES (@p188, @p189, @p190, @p191, @p192)
      RETURNING id;
      INSERT INTO students (first_name, group_id, is_active, last_name, middle_name)
      VALUES (@p193, @p194, @p195, @p196, @p197)
      RETURNING id;
      INSERT INTO students (first_name, group_id, is_active, last_name, middle_name)
      VALUES (@p198, @p199, @p200, @p201, @p202)
      RETURNING id;
      INSERT INTO students (first_name, group_id, is_active, last_name, middle_name)
      VALUES (@p203, @p204, @p205, @p206, @p207)
      RETURNING id;
      INSERT INTO students (first_name, group_id, is_active, last_name, middle_name)
      VALUES (@p208, @p209, @p210, @p211, @p212)
      RETURNING id;
info: Microsoft.EntityFrameworkCore.Database.Command[20101]
      Executed DbCommand (0ms) [Parameters=[@ef_filter__CurrentTeacherId='?' (DbType = Int32)], CommandType='Text', CommandTimeout='30']
      SELECT m.address AS "Address", m.last_check_ok AS "LastCheckOk"
      FROM mail_connections AS m
      WHERE m.teacher_id = @ef_filter__CurrentTeacherId
      LIMIT 1
info: Microsoft.EntityFrameworkCore.Database.Command[20101]
      Executed DbCommand (1ms) [Parameters=[], CommandType='Text', CommandTimeout='30']
      SELECT g.id AS "Id", g.name AS "Name", (
          SELECT count(*)::int
          FROM students AS s
          WHERE g.id = s.group_id AND s.is_active) AS "Active"
      FROM groups AS g
info: Microsoft.EntityFrameworkCore.Database.Command[20101]
      Executed DbCommand (0ms) [Parameters=[@id='?' (DbType = Int32)], CommandType='Text', CommandTimeout='30']
      SELECT g.id, g.admission_year, g.direction, g.name, g.name_key
      FROM groups AS g
      WHERE g.id = @id
      LIMIT 2
info: Microsoft.EntityFrameworkCore.Database.Command[20101]
      Executed DbCommand (1ms) [Parameters=[@Current_Id='?' (DbType = Int32)], CommandType='Text', CommandTimeout='30']
      SELECT s.id, s.first_name, s.group_id, s.is_active, s.last_name, s.middle_name, s0.id, s0.created_at, s0.email, s0.source, s0.student_id
      FROM students AS s
      LEFT JOIN student_emails AS s0 ON s.id = s0.student_id
      WHERE s.group_id = @Current_Id AND s.is_active
      ORDER BY s.id
info: Microsoft.EntityFrameworkCore.Database.Command[20101]
      Executed DbCommand (0ms) [Parameters=[@ef_filter__CurrentTeacherId='?' (DbType = Int32)], CommandType='Text', CommandTimeout='30']
      SELECT m.address AS "Address", m.last_check_ok AS "LastCheckOk"
      FROM mail_connections AS m
      WHERE m.teacher_id = @ef_filter__CurrentTeacherId
      LIMIT 1
info: Microsoft.EntityFrameworkCore.Database.Command[20101]
      Executed DbCommand (1ms) [Parameters=[@ef_filter__CurrentTeacherId='?' (DbType = Int32)], CommandType='Text', CommandTimeout='30']
      SELECT s.id, s.ai_reference_text, s.code, s.disk_path_template, s.final_assessment, s.is_active, s.name, s.teacher_id, s.aliases
      FROM subjects AS s
      WHERE s.teacher_id = @ef_filter__CurrentTeacherId
info: Microsoft.EntityFrameworkCore.Database.Command[20101]
      Executed DbCommand (0ms) [Parameters=[@ef_filter__CurrentTeacherId='?' (DbType = Int32)], CommandType='Text', CommandTimeout='30']
      SELECT m.address AS "Address", m.last_check_ok AS "LastCheckOk"
      FROM mail_connections AS m
      WHERE m.teacher_id = @ef_filter__CurrentTeacherId
      LIMIT 1
info: Microsoft.EntityFrameworkCore.Database.Command[20101]
      Executed DbCommand (1ms) [Parameters=[@ef_filter__CurrentTeacherId='?' (DbType = Int32)], CommandType='Text', CommandTimeout='30']
      SELECT s.id, s.ai_reference_text, s.code, s.disk_path_template, s.final_assessment, s.is_active, s.name, s.teacher_id, s.aliases
      FROM subjects AS s
      WHERE s.teacher_id = @ef_filter__CurrentTeacherId
info: Microsoft.EntityFrameworkCore.Database.Command[20101]
      Executed DbCommand (8ms) [Parameters=[@p0='?', @p1='?', @p2='?', @p3='?', @p4='?' (DbType = Boolean), @p5='?', @p6='?' (DbType = Int32), @p7='?' (DbType = Object)], CommandType='Text', CommandTimeout='30']
      INSERT INTO subjects (ai_reference_text, code, disk_path_template, final_assessment, is_active, name, teacher_id, aliases)
      VALUES (@p0, @p1, @p2, @p3, @p4, @p5, @p6, @p7)
      RETURNING id;
info: Microsoft.EntityFrameworkCore.Database.Command[20101]
      Executed DbCommand (0ms) [Parameters=[@ef_filter__CurrentTeacherId='?' (DbType = Int32)], CommandType='Text', CommandTimeout='30']
      SELECT s.id, s.ai_reference_text, s.code, s.disk_path_template, s.final_assessment, s.is_active, s.name, s.teacher_id, s.aliases
      FROM subjects AS s
      WHERE s.teacher_id = @ef_filter__CurrentTeacherId
info: Microsoft.EntityFrameworkCore.Database.Command[20101]
      Executed DbCommand (1ms) [Parameters=[@ef_filter__CurrentTeacherId='?' (DbType = Int32), @Current_Id='?' (DbType = Int32)], CommandType='Text', CommandTimeout='30']
      SELECT s.id, s.disk_root_path, s.general_requirements, s.study_semester, s.subject_id, s.teacher_id, s.term_id, t.id, t.academic_year, t.credit_week_start, t.season, t.session_start
      FROM subject_terms AS s
      INNER JOIN terms AS t ON s.term_id = t.id
      WHERE s.teacher_id = @ef_filter__CurrentTeacherId AND s.subject_id = @Current_Id
      ORDER BY s.id, t.id
info: Microsoft.EntityFrameworkCore.Database.Command[20101]
      Executed DbCommand (0ms) [Parameters=[], CommandType='Text', CommandTimeout='30']
      SELECT t.id, t.academic_year, t.credit_week_start, t.season, t.session_start
      FROM terms AS t
info: Microsoft.EntityFrameworkCore.Database.Command[20101]
      Executed DbCommand (0ms) [Parameters=[], CommandType='Text', CommandTimeout='30']
      SELECT g.id, g.admission_year, g.direction, g.name, g.name_key
      FROM groups AS g
info: Microsoft.EntityFrameworkCore.Database.Command[20101]
      Executed DbCommand (0ms) [Parameters=[@ef_filter__CurrentTeacherId='?' (DbType = Int32)], CommandType='Text', CommandTimeout='30']
      SELECT m.address AS "Address", m.last_check_ok AS "LastCheckOk"
      FROM mail_connections AS m
      WHERE m.teacher_id = @ef_filter__CurrentTeacherId
      LIMIT 1
info: Microsoft.EntityFrameworkCore.Database.Command[20101]
      Executed DbCommand (1ms) [Parameters=[@ef_filter__CurrentTeacherId='?' (DbType = Int32)], CommandType='Text', CommandTimeout='30']
      SELECT s.id, s.ai_reference_text, s.code, s.disk_path_template, s.final_assessment, s.is_active, s.name, s.teacher_id, s.aliases
      FROM subjects AS s
      WHERE s.teacher_id = @ef_filter__CurrentTeacherId
info: Microsoft.EntityFrameworkCore.Database.Command[20101]
      Executed DbCommand (0ms) [Parameters=[@ef_filter__CurrentTeacherId='?' (DbType = Int32)], CommandType='Text', CommandTimeout='30']
      SELECT m.address AS "Address", m.last_check_ok AS "LastCheckOk"
      FROM mail_connections AS m
      WHERE m.teacher_id = @ef_filter__CurrentTeacherId
      LIMIT 1
info: Microsoft.EntityFrameworkCore.Database.Command[20101]
      Executed DbCommand (1ms) [Parameters=[@ef_filter__CurrentTeacherId='?' (DbType = Int32)], CommandType='Text', CommandTimeout='30']
      SELECT s.id, s.ai_reference_text, s.code, s.disk_path_template, s.final_assessment, s.is_active, s.name, s.teacher_id, s.aliases
      FROM subjects AS s
      WHERE s.teacher_id = @ef_filter__CurrentTeacherId
info: Microsoft.EntityFrameworkCore.Database.Command[20101]
      Executed DbCommand (1ms) [Parameters=[@p0='?', @p1='?', @p2='?', @p3='?', @p4='?' (DbType = Boolean), @p5='?', @p6='?' (DbType = Int32), @p7='?' (DbType = Object)], CommandType='Text', CommandTimeout='30']
      INSERT INTO subjects (ai_reference_text, code, disk_path_template, final_assessment, is_active, name, teacher_id, aliases)
      VALUES (@p0, @p1, @p2, @p3, @p4, @p5, @p6, @p7)
      RETURNING id;
info: Microsoft.EntityFrameworkCore.Database.Command[20101]
      Executed DbCommand (0ms) [Parameters=[@ef_filter__CurrentTeacherId='?' (DbType = Int32)], CommandType='Text', CommandTimeout='30']
      SELECT s.id, s.ai_reference_text, s.code, s.disk_path_template, s.final_assessment, s.is_active, s.name, s.teacher_id, s.aliases
      FROM subjects AS s
      WHERE s.teacher_id = @ef_filter__CurrentTeacherId
info: Microsoft.EntityFrameworkCore.Database.Command[20101]
      Executed DbCommand (1ms) [Parameters=[@ef_filter__CurrentTeacherId='?' (DbType = Int32), @Current_Id='?' (DbType = Int32)], CommandType='Text', CommandTimeout='30']
      SELECT s.id, s.disk_root_path, s.general_requirements, s.study_semester, s.subject_id, s.teacher_id, s.term_id, t.id, t.academic_year, t.credit_week_start, t.season, t.session_start
      FROM subject_terms AS s
      INNER JOIN terms AS t ON s.term_id = t.id
      WHERE s.teacher_id = @ef_filter__CurrentTeacherId AND s.subject_id = @Current_Id
      ORDER BY s.id, t.id
info: Microsoft.EntityFrameworkCore.Database.Command[20101]
      Executed DbCommand (0ms) [Parameters=[], CommandType='Text', CommandTimeout='30']
      SELECT t.id, t.academic_year, t.credit_week_start, t.season, t.session_start
      FROM terms AS t
info: Microsoft.EntityFrameworkCore.Database.Command[20101]
      Executed DbCommand (0ms) [Parameters=[], CommandType='Text', CommandTimeout='30']
      SELECT g.id, g.admission_year, g.direction, g.name, g.name_key
      FROM groups AS g
info: Microsoft.EntityFrameworkCore.Database.Command[20101]
      Executed DbCommand (0ms) [Parameters=[@ef_filter__CurrentTeacherId='?' (DbType = Int32)], CommandType='Text', CommandTimeout='30']
      SELECT m.address AS "Address", m.last_check_ok AS "LastCheckOk"
      FROM mail_connections AS m
      WHERE m.teacher_id = @ef_filter__CurrentTeacherId
      LIMIT 1
info: Microsoft.EntityFrameworkCore.Database.Command[20101]
      Executed DbCommand (1ms) [Parameters=[@ef_filter__CurrentTeacherId='?' (DbType = Int32)], CommandType='Text', CommandTimeout='30']
      SELECT s.id, s.ai_reference_text, s.code, s.disk_path_template, s.final_assessment, s.is_active, s.name, s.teacher_id, s.aliases
      FROM subjects AS s
      WHERE s.teacher_id = @ef_filter__CurrentTeacherId
info: Microsoft.EntityFrameworkCore.Database.Command[20101]
      Executed DbCommand (1ms) [Parameters=[@ef_filter__CurrentTeacherId='?' (DbType = Int32), @Current_Id='?' (DbType = Int32)], CommandType='Text', CommandTimeout='30']
      SELECT s.id, s.disk_root_path, s.general_requirements, s.study_semester, s.subject_id, s.teacher_id, s.term_id, t.id, t.academic_year, t.credit_week_start, t.season, t.session_start
      FROM subject_terms AS s
      INNER JOIN terms AS t ON s.term_id = t.id
      WHERE s.teacher_id = @ef_filter__CurrentTeacherId AND s.subject_id = @Current_Id
      ORDER BY s.id, t.id
info: Microsoft.EntityFrameworkCore.Database.Command[20101]
      Executed DbCommand (0ms) [Parameters=[], CommandType='Text', CommandTimeout='30']
      SELECT t.id, t.academic_year, t.credit_week_start, t.season, t.session_start
      FROM terms AS t
info: Microsoft.EntityFrameworkCore.Database.Command[20101]
      Executed DbCommand (0ms) [Parameters=[], CommandType='Text', CommandTimeout='30']
      SELECT g.id, g.admission_year, g.direction, g.name, g.name_key
      FROM groups AS g
info: Microsoft.EntityFrameworkCore.Database.Command[20101]
      Executed DbCommand (0ms) [Parameters=[@ef_filter__CurrentTeacherId='?' (DbType = Int32)], CommandType='Text', CommandTimeout='30']
      SELECT m.address AS "Address", m.last_check_ok AS "LastCheckOk"
      FROM mail_connections AS m
      WHERE m.teacher_id = @ef_filter__CurrentTeacherId
      LIMIT 1
info: Microsoft.EntityFrameworkCore.Database.Command[20101]
      Executed DbCommand (1ms) [Parameters=[@ef_filter__CurrentTeacherId='?' (DbType = Int32)], CommandType='Text', CommandTimeout='30']
      SELECT s.id, s.ai_reference_text, s.code, s.disk_path_template, s.final_assessment, s.is_active, s.name, s.teacher_id, s.aliases
      FROM subjects AS s
      WHERE s.teacher_id = @ef_filter__CurrentTeacherId
info: Microsoft.EntityFrameworkCore.Database.Command[20101]
      Executed DbCommand (1ms) [Parameters=[@ef_filter__CurrentTeacherId='?' (DbType = Int32), @Current_Id='?' (DbType = Int32)], CommandType='Text', CommandTimeout='30']
      SELECT s.id, s.disk_root_path, s.general_requirements, s.study_semester, s.subject_id, s.teacher_id, s.term_id, t.id, t.academic_year, t.credit_week_start, t.season, t.session_start
      FROM subject_terms AS s
      INNER JOIN terms AS t ON s.term_id = t.id
      WHERE s.teacher_id = @ef_filter__CurrentTeacherId AND s.subject_id = @Current_Id
      ORDER BY s.id, t.id
info: Microsoft.EntityFrameworkCore.Database.Command[20101]
      Executed DbCommand (0ms) [Parameters=[], CommandType='Text', CommandTimeout='30']
      SELECT t.id, t.academic_year, t.credit_week_start, t.season, t.session_start
      FROM terms AS t
info: Microsoft.EntityFrameworkCore.Database.Command[20101]
      Executed DbCommand (0ms) [Parameters=[], CommandType='Text', CommandTimeout='30']
      SELECT g.id, g.admission_year, g.direction, g.name, g.name_key
      FROM groups AS g
info: Microsoft.EntityFrameworkCore.Database.Command[20101]
      Executed DbCommand (0ms) [Parameters=[@ef_filter__CurrentTeacherId='?' (DbType = Int32)], CommandType='Text', CommandTimeout='30']
      SELECT m.address AS "Address", m.last_check_ok AS "LastCheckOk"
      FROM mail_connections AS m
      WHERE m.teacher_id = @ef_filter__CurrentTeacherId
      LIMIT 1
info: Microsoft.EntityFrameworkCore.Database.Command[20101]
      Executed DbCommand (1ms) [Parameters=[@ef_filter__CurrentTeacherId='?' (DbType = Int32), @Id='?' (DbType = Int32)], CommandType='Text', CommandTimeout='30']
      SELECT s.id, s.ai_reference_text, s.code, s.disk_path_template, s.final_assessment, s.is_active, s.name, s.teacher_id, s.aliases
      FROM subjects AS s
      WHERE s.teacher_id = @ef_filter__CurrentTeacherId AND s.id = @Id
      LIMIT 2
info: Microsoft.EntityFrameworkCore.Database.Command[20101]
      Executed DbCommand (0ms) [Parameters=[@NewTerm_TermId='?' (DbType = Int32)], CommandType='Text', CommandTimeout='30']
      SELECT t.id, t.academic_year, t.credit_week_start, t.season, t.session_start
      FROM terms AS t
      WHERE t.id = @NewTerm_TermId
      LIMIT 2
info: Microsoft.EntityFrameworkCore.Database.Command[20101]
      Executed DbCommand (1ms) [Parameters=[@groupIds='?' (DbType = Object)], CommandType='Text', CommandTimeout='30']
      SELECT g.id, g.admission_year, g.direction, g.name, g.name_key
      FROM groups AS g
      WHERE g.id = ANY (@groupIds)
info: Microsoft.EntityFrameworkCore.Database.Command[20101]
      Executed DbCommand (0ms) [Parameters=[@ef_filter__CurrentTeacherId='?' (DbType = Int32), @subject_Id='?' (DbType = Int32), @term_Id='?' (DbType = Int32)], CommandType='Text', CommandTimeout='30']
      SELECT EXISTS (
          SELECT 1
          FROM subject_terms AS s
          WHERE s.teacher_id = @ef_filter__CurrentTeacherId AND s.subject_id = @subject_Id AND s.term_id = @term_Id)
info: Microsoft.EntityFrameworkCore.Database.Command[20101]
      Executed DbCommand (1ms) [Parameters=[@p0='?', @p1='?', @p2='?' (DbType = Int32), @p3='?' (DbType = Int32), @p4='?' (DbType = Int32), @p5='?' (DbType = Int32)], CommandType='Text', CommandTimeout='30']
      INSERT INTO subject_terms (disk_root_path, general_requirements, study_semester, subject_id, teacher_id, term_id)
      VALUES (@p0, @p1, @p2, @p3, @p4, @p5)
      RETURNING id;
info: Microsoft.EntityFrameworkCore.Database.Command[20101]
      Executed DbCommand (3ms) [Parameters=[@p6='?' (DbType = Boolean), @p7='?' (DbType = Date), @p8='?', @p9='?' (DbType = Int32), @p10='?' (DbType = Int32), @p11='?', @p12='?' (DbType = Int32), @p13='?', @p14='?' (DbType = Object), @p15='?' (DbType = Boolean), @p16='?' (DbType = Date), @p17='?', @p18='?' (DbType = Int32), @p19='?' (DbType = Int32), @p20='?', @p21='?' (DbType = Int32), @p22='?', @p23='?' (DbType = Object), @p24='?' (DbType = Boolean), @p25='?' (DbType = Date), @p26='?', @p27='?' (DbType = Int32), @p28='?' (DbType = Int32), @p29='?', @p30='?' (DbType = Int32), @p31='?', @p32='?' (DbType = Object), @p33='?' (DbType = Boolean), @p34='?' (DbType = Date), @p35='?', @p36='?' (DbType = Int32), @p37='?' (DbType = Int32), @p38='?', @p39='?' (DbType = Int32), @p40='?', @p41='?' (DbType = Object), @p42='?' (DbType = Boolean), @p43='?' (DbType = Date), @p44='?', @p45='?' (DbType = Int32), @p46='?' (DbType = Int32), @p47='?', @p48='?' (DbType = Int32), @p49='?', @p50='?' (DbType = Object), @p51='?' (DbType = Boolean), @p52='?' (DbType = Date), @p53='?', @p54='?' (DbType = Int32), @p55='?' (DbType = Int32), @p56='?', @p57='?' (DbType = Int32), @p58='?', @p59='?' (DbType = Object), @p60='?' (DbType = Boolean), @p61='?' (DbType = Date), @p62='?', @p63='?' (DbType = Int32), @p64='?' (DbType = Int32), @p65='?', @p66='?' (DbType = Int32), @p67='?', @p68='?' (DbType = Object), @p69='?' (DbType = Boolean), @p70='?' (DbType = Date), @p71='?', @p72='?' (DbType = Int32), @p73='?' (DbType = Int32), @p74='?', @p75='?' (DbType = Int32), @p76='?', @p77='?' (DbType = Object), @p78='?' (DbType = Boolean), @p79='?' (DbType = Date), @p80='?', @p81='?' (DbType = Int32), @p82='?' (DbType = Int32), @p83='?', @p84='?' (DbType = Int32), @p85='?', @p86='?' (DbType = Object), @p87='?' (DbType = Int32), @p88='?' (DbType = Int32), @p89='?' (DbType = Int32), @p90='?' (DbType = Int32)], CommandType='Text', CommandTimeout='30']
      INSERT INTO assignments (ai_check_enabled, deadline_override, kind, number, subject_term_id, task_text, teacher_id, title, checklist)
      VALUES (@p6, @p7, @p8, @p9, @p10, @p11, @p12, @p13, @p14)
      RETURNING id;
      INSERT INTO assignments (ai_check_enabled, deadline_override, kind, number, subject_term_id, task_text, teacher_id, title, checklist)
      VALUES (@p15, @p16, @p17, @p18, @p19, @p20, @p21, @p22, @p23)
      RETURNING id;
      INSERT INTO assignments (ai_check_enabled, deadline_override, kind, number, subject_term_id, task_text, teacher_id, title, checklist)
      VALUES (@p24, @p25, @p26, @p27, @p28, @p29, @p30, @p31, @p32)
      RETURNING id;
      INSERT INTO assignments (ai_check_enabled, deadline_override, kind, number, subject_term_id, task_text, teacher_id, title, checklist)
      VALUES (@p33, @p34, @p35, @p36, @p37, @p38, @p39, @p40, @p41)
      RETURNING id;
      INSERT INTO assignments (ai_check_enabled, deadline_override, kind, number, subject_term_id, task_text, teacher_id, title, checklist)
      VALUES (@p42, @p43, @p44, @p45, @p46, @p47, @p48, @p49, @p50)
      RETURNING id;
      INSERT INTO assignments (ai_check_enabled, deadline_override, kind, number, subject_term_id, task_text, teacher_id, title, checklist)
      VALUES (@p51, @p52, @p53, @p54, @p55, @p56, @p57, @p58, @p59)
      RETURNING id;
      INSERT INTO assignments (ai_check_enabled, deadline_override, kind, number, subject_term_id, task_text, teacher_id, title, checklist)
      VALUES (@p60, @p61, @p62, @p63, @p64, @p65, @p66, @p67, @p68)
      RETURNING id;
      INSERT INTO assignments (ai_check_enabled, deadline_override, kind, number, subject_term_id, task_text, teacher_id, title, checklist)
      VALUES (@p69, @p70, @p71, @p72, @p73, @p74, @p75, @p76, @p77)
      RETURNING id;
      INSERT INTO assignments (ai_check_enabled, deadline_override, kind, number, subject_term_id, task_text, teacher_id, title, checklist)
      VALUES (@p78, @p79, @p80, @p81, @p82, @p83, @p84, @p85, @p86)
      RETURNING id;
      INSERT INTO subject_term_groups (group_id, subject_term_id)
      VALUES (@p87, @p88);
      INSERT INTO subject_term_groups (group_id, subject_term_id)
      VALUES (@p89, @p90);
info: Microsoft.EntityFrameworkCore.Database.Command[20101]
      Executed DbCommand (2ms) [Parameters=[@ef_filter__CurrentTeacherId='?' (DbType = Int32), @Id='?' (DbType = Int32)], CommandType='Text', CommandTimeout='30']
      SELECT s.id, s.disk_root_path, s.general_requirements, s.study_semester, s.subject_id, s.teacher_id, s.term_id, s1.id, s1.ai_reference_text, s1.code, s1.disk_path_template, s1.final_assessment, s1.is_active, s1.name, s1.teacher_id, s1.aliases, t.id, t.academic_year, t.credit_week_start, t.season, t.session_start
      FROM subject_terms AS s
      INNER JOIN (
          SELECT s0.id, s0.ai_reference_text, s0.code, s0.disk_path_template, s0.final_assessment, s0.is_active, s0.name, s0.teacher_id, s0.aliases
          FROM subjects AS s0
          WHERE s0.teacher_id = @ef_filter__CurrentTeacherId
      ) AS s1 ON s.subject_id = s1.id
      INNER JOIN terms AS t ON s.term_id = t.id
      WHERE s.teacher_id = @ef_filter__CurrentTeacherId AND s.id = @Id
      ORDER BY s.id, s1.id, t.id
      LIMIT 2
info: Microsoft.EntityFrameworkCore.Database.Command[20101]
      Executed DbCommand (1ms) [Parameters=[@ef_filter__CurrentTeacherId='?' (DbType = Int32), @Id='?' (DbType = Int32)], CommandType='Text', CommandTimeout='30']
      SELECT s5.group_id, s5.subject_term_id, s5.id, s5.admission_year, s5.direction, s5.name, s5.name_key, s4.id, s4.id0, s4.id1
      FROM (
          SELECT s.id, s1.id AS id0, t.id AS id1
          FROM subject_terms AS s
          INNER JOIN (
              SELECT s0.id
              FROM subjects AS s0
              WHERE s0.teacher_id = @ef_filter__CurrentTeacherId
          ) AS s1 ON s.subject_id = s1.id
          INNER JOIN terms AS t ON s.term_id = t.id
          WHERE s.teacher_id = @ef_filter__CurrentTeacherId AND s.id = @Id
          ORDER BY s.id, s1.id, t.id
          LIMIT 1
      ) AS s4
      INNER JOIN (
          SELECT s2.group_id, s2.subject_term_id, g.id, g.admission_year, g.direction, g.name, g.name_key
          FROM subject_term_groups AS s2
          INNER JOIN groups AS g ON s2.group_id = g.id
      ) AS s5 ON s4.id = s5.subject_term_id
      ORDER BY s4.id, s4.id0, s4.id1, s5.group_id, s5.subject_term_id, s5.id
info: Microsoft.EntityFrameworkCore.Database.Command[20101]
      Executed DbCommand (2ms) [Parameters=[@ef_filter__CurrentTeacherId='?' (DbType = Int32), @Id='?' (DbType = Int32)], CommandType='Text', CommandTimeout='30']
      SELECT s3.id, s3.first_name, s3.group_id, s3.is_active, s3.last_name, s3.middle_name, s4.id, s4.id0, s4.id1, s5.group_id, s5.subject_term_id, s5.id
      FROM (
          SELECT s.id, s1.id AS id0, t.id AS id1
          FROM subject_terms AS s
          INNER JOIN (
              SELECT s0.id
              FROM subjects AS s0
              WHERE s0.teacher_id = @ef_filter__CurrentTeacherId
          ) AS s1 ON s.subject_id = s1.id
          INNER JOIN terms AS t ON s.term_id = t.id
          WHERE s.teacher_id = @ef_filter__CurrentTeacherId AND s.id = @Id
          ORDER BY s.id, s1.id, t.id
          LIMIT 1
      ) AS s4
      INNER JOIN (
          SELECT s2.group_id, s2.subject_term_id, g.id
          FROM subject_term_groups AS s2
          INNER JOIN groups AS g ON s2.group_id = g.id
      ) AS s5 ON s4.id = s5.subject_term_id
      INNER JOIN students AS s3 ON s5.id = s3.group_id
      ORDER BY s4.id, s4.id0, s4.id1, s5.group_id, s5.subject_term_id, s5.id
info: Microsoft.EntityFrameworkCore.Database.Command[20101]
      Executed DbCommand (1ms) [Parameters=[@ef_filter__CurrentTeacherId='?' (DbType = Int32), @Id='?' (DbType = Int32)], CommandType='Text', CommandTimeout='30']
      SELECT a0.id, a0.ai_check_enabled, a0.deadline_override, a0.kind, a0.number, a0.subject_term_id, a0.task_text, a0.teacher_id, a0.title, a0.checklist, s6.id, s6.id0, s6.id1
      FROM (
          SELECT s.id, s1.id AS id0, t.id AS id1
          FROM subject_terms AS s
          INNER JOIN (
              SELECT s0.id
              FROM subjects AS s0
              WHERE s0.teacher_id = @ef_filter__CurrentTeacherId
          ) AS s1 ON s.subject_id = s1.id
          INNER JOIN terms AS t ON s.term_id = t.id
          WHERE s.teacher_id = @ef_filter__CurrentTeacherId AND s.id = @Id
          ORDER BY s.id, s1.id, t.id
          LIMIT 1
      ) AS s6
      INNER JOIN (
          SELECT a.id, a.ai_check_enabled, a.deadline_override, a.kind, a.number, a.subject_term_id, a.task_text, a.teacher_id, a.title, a.checklist
          FROM assignments AS a
          WHERE a.teacher_id = @ef_filter__CurrentTeacherId
      ) AS a0 ON s6.id = a0.subject_term_id
      ORDER BY s6.id, s6.id0, s6.id1
info: Microsoft.EntityFrameworkCore.Database.Command[20101]
      Executed DbCommand (2ms) [Parameters=[@ef_filter__CurrentTeacherId='?' (DbType = Int32), @Id='?' (DbType = Int32)], CommandType='Text', CommandTimeout='30']
      SELECT c0.id, c0.student_id, c0.subject_term_id, c0.teacher_id, c0.topic, s7.id, s7.id0, s7.id1
      FROM (
          SELECT s.id, s1.id AS id0, t.id AS id1
          FROM subject_terms AS s
          INNER JOIN (
              SELECT s0.id
              FROM subjects AS s0
              WHERE s0.teacher_id = @ef_filter__CurrentTeacherId
          ) AS s1 ON s.subject_id = s1.id
          INNER JOIN terms AS t ON s.term_id = t.id
          WHERE s.teacher_id = @ef_filter__CurrentTeacherId AND s.id = @Id
          ORDER BY s.id, s1.id, t.id
          LIMIT 1
      ) AS s7
      INNER JOIN (
          SELECT c.id, c.student_id, c.subject_term_id, c.teacher_id, c.topic
          FROM coursework_topics AS c
          WHERE c.teacher_id = @ef_filter__CurrentTeacherId
      ) AS c0 ON s7.id = c0.subject_term_id
      ORDER BY s7.id, s7.id0, s7.id1
info: Microsoft.EntityFrameworkCore.Database.Command[20101]
      Executed DbCommand (1ms) [Parameters=[], CommandType='Text', CommandTimeout='30']
      SELECT g.id, g.admission_year, g.direction, g.name, g.name_key, s.id, s.first_name, s.group_id, s.is_active, s.last_name, s.middle_name
      FROM groups AS g
      LEFT JOIN students AS s ON g.id = s.group_id
      ORDER BY g.id
info: Microsoft.EntityFrameworkCore.Database.Command[20101]
      Executed DbCommand (2ms) [Parameters=[@ef_filter__CurrentTeacherId='?' (DbType = Int32), @subjectTermId='?' (DbType = Int32)], CommandType='Text', CommandTimeout='30']
      SELECT t.id, t.kind, t.file_name, t.size, t.uploaded_at, t.applied_at
      FROM task_documents AS t
      WHERE t.teacher_id = @ef_filter__CurrentTeacherId AND t.subject_term_id = @subjectTermId
      ORDER BY t.uploaded_at DESC
info: Microsoft.EntityFrameworkCore.Database.Command[20101]
      Executed DbCommand (1ms) [Parameters=[@ef_filter__CurrentTeacherId='?' (DbType = Int32), @subjectTerm_SubjectId='?' (DbType = Int32), @subjectTerm_Id='?' (DbType = Int32)], CommandType='Text', CommandTimeout='30']
      SELECT s.id, s.disk_root_path, s.general_requirements, s.study_semester, s.subject_id, s.teacher_id, s.term_id, t.id, t.academic_year, t.credit_week_start, t.season, t.session_start
      FROM subject_terms AS s
      INNER JOIN terms AS t ON s.term_id = t.id
      WHERE s.teacher_id = @ef_filter__CurrentTeacherId AND s.subject_id = @subjectTerm_SubjectId AND s.id <> @subjectTerm_Id
      ORDER BY s.id, t.id
info: Microsoft.EntityFrameworkCore.Database.Command[20101]
      Executed DbCommand (1ms) [Parameters=[@ef_filter__CurrentTeacherId='?' (DbType = Int32)], CommandType='Text', CommandTimeout='30']
      SELECT m.address AS "Address", m.last_check_ok AS "LastCheckOk"
      FROM mail_connections AS m
      WHERE m.teacher_id = @ef_filter__CurrentTeacherId
      LIMIT 1
info: Microsoft.EntityFrameworkCore.Database.Command[20101]
      Executed DbCommand (1ms) [Parameters=[@ef_filter__CurrentTeacherId='?' (DbType = Int32), @Id='?' (DbType = Int32)], CommandType='Text', CommandTimeout='30']
      SELECT s.id, s.disk_root_path, s.general_requirements, s.study_semester, s.subject_id, s.teacher_id, s.term_id, s1.id, s1.ai_reference_text, s1.code, s1.disk_path_template, s1.final_assessment, s1.is_active, s1.name, s1.teacher_id, s1.aliases, t.id, t.academic_year, t.credit_week_start, t.season, t.session_start
      FROM subject_terms AS s
      INNER JOIN (
          SELECT s0.id, s0.ai_reference_text, s0.code, s0.disk_path_template, s0.final_assessment, s0.is_active, s0.name, s0.teacher_id, s0.aliases
          FROM subjects AS s0
          WHERE s0.teacher_id = @ef_filter__CurrentTeacherId
      ) AS s1 ON s.subject_id = s1.id
      INNER JOIN terms AS t ON s.term_id = t.id
      WHERE s.teacher_id = @ef_filter__CurrentTeacherId AND s.id = @Id
      ORDER BY s.id, s1.id, t.id
      LIMIT 2
info: Microsoft.EntityFrameworkCore.Database.Command[20101]
      Executed DbCommand (1ms) [Parameters=[@ef_filter__CurrentTeacherId='?' (DbType = Int32), @Id='?' (DbType = Int32)], CommandType='Text', CommandTimeout='30']
      SELECT s5.group_id, s5.subject_term_id, s5.id, s5.admission_year, s5.direction, s5.name, s5.name_key, s4.id, s4.id0, s4.id1
      FROM (
          SELECT s.id, s1.id AS id0, t.id AS id1
          FROM subject_terms AS s
          INNER JOIN (
              SELECT s0.id
              FROM subjects AS s0
              WHERE s0.teacher_id = @ef_filter__CurrentTeacherId
          ) AS s1 ON s.subject_id = s1.id
          INNER JOIN terms AS t ON s.term_id = t.id
          WHERE s.teacher_id = @ef_filter__CurrentTeacherId AND s.id = @Id
          ORDER BY s.id, s1.id, t.id
          LIMIT 1
      ) AS s4
      INNER JOIN (
          SELECT s2.group_id, s2.subject_term_id, g.id, g.admission_year, g.direction, g.name, g.name_key
          FROM subject_term_groups AS s2
          INNER JOIN groups AS g ON s2.group_id = g.id
      ) AS s5 ON s4.id = s5.subject_term_id
      ORDER BY s4.id, s4.id0, s4.id1, s5.group_id, s5.subject_term_id, s5.id
info: Microsoft.EntityFrameworkCore.Database.Command[20101]
      Executed DbCommand (2ms) [Parameters=[@ef_filter__CurrentTeacherId='?' (DbType = Int32), @Id='?' (DbType = Int32)], CommandType='Text', CommandTimeout='30']
      SELECT s3.id, s3.first_name, s3.group_id, s3.is_active, s3.last_name, s3.middle_name, s4.id, s4.id0, s4.id1, s5.group_id, s5.subject_term_id, s5.id
      FROM (
          SELECT s.id, s1.id AS id0, t.id AS id1
          FROM subject_terms AS s
          INNER JOIN (
              SELECT s0.id
              FROM subjects AS s0
              WHERE s0.teacher_id = @ef_filter__CurrentTeacherId
          ) AS s1 ON s.subject_id = s1.id
          INNER JOIN terms AS t ON s.term_id = t.id
          WHERE s.teacher_id = @ef_filter__CurrentTeacherId AND s.id = @Id
          ORDER BY s.id, s1.id, t.id
          LIMIT 1
      ) AS s4
      INNER JOIN (
          SELECT s2.group_id, s2.subject_term_id, g.id
          FROM subject_term_groups AS s2
          INNER JOIN groups AS g ON s2.group_id = g.id
      ) AS s5 ON s4.id = s5.subject_term_id
      INNER JOIN students AS s3 ON s5.id = s3.group_id
      ORDER BY s4.id, s4.id0, s4.id1, s5.group_id, s5.subject_term_id, s5.id
info: Microsoft.EntityFrameworkCore.Database.Command[20101]
      Executed DbCommand (1ms) [Parameters=[@ef_filter__CurrentTeacherId='?' (DbType = Int32), @Id='?' (DbType = Int32)], CommandType='Text', CommandTimeout='30']
      SELECT a0.id, a0.ai_check_enabled, a0.deadline_override, a0.kind, a0.number, a0.subject_term_id, a0.task_text, a0.teacher_id, a0.title, a0.checklist, s6.id, s6.id0, s6.id1
      FROM (
          SELECT s.id, s1.id AS id0, t.id AS id1
          FROM subject_terms AS s
          INNER JOIN (
              SELECT s0.id
              FROM subjects AS s0
              WHERE s0.teacher_id = @ef_filter__CurrentTeacherId
          ) AS s1 ON s.subject_id = s1.id
          INNER JOIN terms AS t ON s.term_id = t.id
          WHERE s.teacher_id = @ef_filter__CurrentTeacherId AND s.id = @Id
          ORDER BY s.id, s1.id, t.id
          LIMIT 1
      ) AS s6
      INNER JOIN (
          SELECT a.id, a.ai_check_enabled, a.deadline_override, a.kind, a.number, a.subject_term_id, a.task_text, a.teacher_id, a.title, a.checklist
          FROM assignments AS a
          WHERE a.teacher_id = @ef_filter__CurrentTeacherId
      ) AS a0 ON s6.id = a0.subject_term_id
      ORDER BY s6.id, s6.id0, s6.id1
info: Microsoft.EntityFrameworkCore.Database.Command[20101]
      Executed DbCommand (1ms) [Parameters=[@ef_filter__CurrentTeacherId='?' (DbType = Int32), @Id='?' (DbType = Int32)], CommandType='Text', CommandTimeout='30']
      SELECT c0.id, c0.student_id, c0.subject_term_id, c0.teacher_id, c0.topic, s7.id, s7.id0, s7.id1
      FROM (
          SELECT s.id, s1.id AS id0, t.id AS id1
          FROM subject_terms AS s
          INNER JOIN (
              SELECT s0.id
              FROM subjects AS s0
              WHERE s0.teacher_id = @ef_filter__CurrentTeacherId
          ) AS s1 ON s.subject_id = s1.id
          INNER JOIN terms AS t ON s.term_id = t.id
          WHERE s.teacher_id = @ef_filter__CurrentTeacherId AND s.id = @Id
          ORDER BY s.id, s1.id, t.id
          LIMIT 1
      ) AS s7
      INNER JOIN (
          SELECT c.id, c.student_id, c.subject_term_id, c.teacher_id, c.topic
          FROM coursework_topics AS c
          WHERE c.teacher_id = @ef_filter__CurrentTeacherId
      ) AS c0 ON s7.id = c0.subject_term_id
      ORDER BY s7.id, s7.id0, s7.id1
info: Microsoft.EntityFrameworkCore.Database.Command[20101]
      Executed DbCommand (1ms) [Parameters=[], CommandType='Text', CommandTimeout='30']
      SELECT g.id, g.admission_year, g.direction, g.name, g.name_key, s.id, s.first_name, s.group_id, s.is_active, s.last_name, s.middle_name
      FROM groups AS g
      LEFT JOIN students AS s ON g.id = s.group_id
      ORDER BY g.id
info: Microsoft.EntityFrameworkCore.Database.Command[20101]
      Executed DbCommand (0ms) [Parameters=[@ef_filter__CurrentTeacherId='?' (DbType = Int32), @subjectTermId='?' (DbType = Int32)], CommandType='Text', CommandTimeout='30']
      SELECT t.id, t.kind, t.file_name, t.size, t.uploaded_at, t.applied_at
      FROM task_documents AS t
      WHERE t.teacher_id = @ef_filter__CurrentTeacherId AND t.subject_term_id = @subjectTermId
      ORDER BY t.uploaded_at DESC
info: Microsoft.EntityFrameworkCore.Database.Command[20101]
      Executed DbCommand (1ms) [Parameters=[@ef_filter__CurrentTeacherId='?' (DbType = Int32), @subjectTerm_SubjectId='?' (DbType = Int32), @subjectTerm_Id='?' (DbType = Int32)], CommandType='Text', CommandTimeout='30']
      SELECT s.id, s.disk_root_path, s.general_requirements, s.study_semester, s.subject_id, s.teacher_id, s.term_id, t.id, t.academic_year, t.credit_week_start, t.season, t.session_start
      FROM subject_terms AS s
      INNER JOIN terms AS t ON s.term_id = t.id
      WHERE s.teacher_id = @ef_filter__CurrentTeacherId AND s.subject_id = @subjectTerm_SubjectId AND s.id <> @subjectTerm_Id
      ORDER BY s.id, t.id
warn: Microsoft.EntityFrameworkCore.Query[20504]
      Compiling a query which loads related collections for more than one collection navigation, either via 'Include' or through projection, but no 'QuerySplittingBehavior' has been configured. By default, Entity Framework will use 'QuerySplittingBehavior.SingleQuery', which can potentially result in slow query performance. See https://go.microsoft.com/fwlink/?linkid=2134277 for more information. To identify the query that's triggering this warning call 'ConfigureWarnings(w => w.Throw(RelationalEventId.MultipleCollectionIncludeWarning))'.
info: Microsoft.EntityFrameworkCore.Database.Command[20101]
      Executed DbCommand (1ms) [Parameters=[@ef_filter__CurrentTeacherId='?' (DbType = Int32), @subjectTermId='?' (DbType = Int32)], CommandType='Text', CommandTimeout='30']
      SELECT s2.id, s2.disk_root_path, s2.general_requirements, s2.study_semester, s2.subject_id, s2.teacher_id, s2.term_id, s3.group_id, s3.subject_term_id, s3.id, s3.admission_year, s3.direction, s3.name, s3.name_key, s3.id0, s3.first_name, s3.group_id0, s3.is_active, s3.last_name, s3.middle_name, c0.id, c0.student_id, c0.subject_term_id, c0.teacher_id, c0.topic
      FROM (
          SELECT s.id, s.disk_root_path, s.general_requirements, s.study_semester, s.subject_id, s.teacher_id, s.term_id
          FROM subject_terms AS s
          WHERE s.teacher_id = @ef_filter__CurrentTeacherId AND s.id = @subjectTermId
          LIMIT 2
      ) AS s2
      LEFT JOIN (
          SELECT s0.group_id, s0.subject_term_id, g.id, g.admission_year, g.direction, g.name, g.name_key, s1.id AS id0, s1.first_name, s1.group_id AS group_id0, s1.is_active, s1.last_name, s1.middle_name
          FROM subject_term_groups AS s0
          INNER JOIN groups AS g ON s0.group_id = g.id
          LEFT JOIN students AS s1 ON g.id = s1.group_id
      ) AS s3 ON s2.id = s3.subject_term_id
      LEFT JOIN (
          SELECT c.id, c.student_id, c.subject_term_id, c.teacher_id, c.topic
          FROM coursework_topics AS c
          WHERE c.teacher_id = @ef_filter__CurrentTeacherId
      ) AS c0 ON s2.id = c0.subject_term_id
      ORDER BY s2.id, s3.group_id, s3.subject_term_id, s3.id, s3.id0
info: Microsoft.EntityFrameworkCore.Database.Command[20101]
      Executed DbCommand (6ms) [Parameters=[@p0='?' (DbType = Int32), @p1='?' (DbType = Int32), @p2='?' (DbType = Int32), @p3='?', @p4='?' (DbType = Int32), @p5='?' (DbType = Int32), @p6='?' (DbType = Int32), @p7='?', @p8='?' (DbType = Int32), @p9='?' (DbType = Int32), @p10='?' (DbType = Int32), @p11='?', @p12='?' (DbType = Int32), @p13='?' (DbType = Int32), @p14='?' (DbType = Int32), @p15='?', @p16='?' (DbType = Int32), @p17='?' (DbType = Int32), @p18='?' (DbType = Int32), @p19='?', @p20='?' (DbType = Int32), @p21='?' (DbType = Int32), @p22='?' (DbType = Int32), @p23='?', @p24='?' (DbType = Int32), @p25='?' (DbType = Int32), @p26='?' (DbType = Int32), @p27='?', @p28='?' (DbType = Int32), @p29='?' (DbType = Int32), @p30='?' (DbType = Int32), @p31='?', @p32='?' (DbType = Int32), @p33='?' (DbType = Int32), @p34='?' (DbType = Int32), @p35='?', @p36='?' (DbType = Int32), @p37='?' (DbType = Int32), @p38='?' (DbType = Int32), @p39='?', @p40='?' (DbType = Int32), @p41='?' (DbType = Int32), @p42='?' (DbType = Int32), @p43='?', @p44='?' (DbType = Int32), @p45='?' (DbType = Int32), @p46='?' (DbType = Int32), @p47='?', @p48='?' (DbType = Int32), @p49='?' (DbType = Int32), @p50='?' (DbType = Int32), @p51='?', @p52='?' (DbType = Int32), @p53='?' (DbType = Int32), @p54='?' (DbType = Int32), @p55='?', @p56='?' (DbType = Int32), @p57='?' (DbType = Int32), @p58='?' (DbType = Int32), @p59='?', @p60='?' (DbType = Int32), @p61='?' (DbType = Int32), @p62='?' (DbType = Int32), @p63='?', @p64='?' (DbType = Int32), @p65='?' (DbType = Int32), @p66='?' (DbType = Int32), @p67='?', @p68='?' (DbType = Int32), @p69='?' (DbType = Int32), @p70='?' (DbType = Int32), @p71='?', @p72='?' (DbType = Int32), @p73='?' (DbType = Int32), @p74='?' (DbType = Int32), @p75='?', @p76='?' (DbType = Int32), @p77='?' (DbType = Int32), @p78='?' (DbType = Int32), @p79='?', @p80='?' (DbType = Int32), @p81='?' (DbType = Int32), @p82='?' (DbType = Int32), @p83='?', @p84='?' (DbType = Int32), @p85='?' (DbType = Int32), @p86='?' (DbType = Int32), @p87='?', @p88='?' (DbType = Int32), @p89='?' (DbType = Int32), @p90='?' (DbType = Int32), @p91='?', @p92='?' (DbType = Int32), @p93='?' (DbType = Int32), @p94='?' (DbType = Int32), @p95='?', @p96='?' (DbType = Int32), @p97='?' (DbType = Int32), @p98='?' (DbType = Int32), @p99='?', @p100='?' (DbType = Int32), @p101='?' (DbType = Int32), @p102='?' (DbType = Int32), @p103='?', @p104='?' (DbType = Int32), @p105='?' (DbType = Int32), @p106='?' (DbType = Int32), @p107='?', @p108='?' (DbType = Int32), @p109='?' (DbType = Int32), @p110='?' (DbType = Int32), @p111='?', @p112='?' (DbType = Int32), @p113='?' (DbType = Int32), @p114='?' (DbType = Int32), @p115='?', @p116='?' (DbType = Int32), @p117='?' (DbType = Int32), @p118='?' (DbType = Int32), @p119='?', @p120='?' (DbType = Int32), @p121='?' (DbType = Int32), @p122='?' (DbType = Int32), @p123='?', @p124='?' (DbType = Int32), @p125='?' (DbType = Int32), @p126='?' (DbType = Int32), @p127='?', @p128='?' (DbType = Int32), @p129='?' (DbType = Int32), @p130='?' (DbType = Int32), @p131='?', @p132='?' (DbType = Int32), @p133='?' (DbType = Int32), @p134='?' (DbType = Int32), @p135='?'], CommandType='Text', CommandTimeout='30']
      INSERT INTO coursework_topics (student_id, subject_term_id, teacher_id, topic)
      VALUES (@p0, @p1, @p2, @p3)
      RETURNING id;
      INSERT INTO coursework_topics (student_id, subject_term_id, teacher_id, topic)
      VALUES (@p4, @p5, @p6, @p7)
      RETURNING id;
      INSERT INTO coursework_topics (student_id, subject_term_id, teacher_id, topic)
      VALUES (@p8, @p9, @p10, @p11)
      RETURNING id;
      INSERT INTO coursework_topics (student_id, subject_term_id, teacher_id, topic)
      VALUES (@p12, @p13, @p14, @p15)
      RETURNING id;
      INSERT INTO coursework_topics (student_id, subject_term_id, teacher_id, topic)
      VALUES (@p16, @p17, @p18, @p19)
      RETURNING id;
      INSERT INTO coursework_topics (student_id, subject_term_id, teacher_id, topic)
      VALUES (@p20, @p21, @p22, @p23)
      RETURNING id;
      INSERT INTO coursework_topics (student_id, subject_term_id, teacher_id, topic)
      VALUES (@p24, @p25, @p26, @p27)
      RETURNING id;
      INSERT INTO coursework_topics (student_id, subject_term_id, teacher_id, topic)
      VALUES (@p28, @p29, @p30, @p31)
      RETURNING id;
      INSERT INTO coursework_topics (student_id, subject_term_id, teacher_id, topic)
      VALUES (@p32, @p33, @p34, @p35)
      RETURNING id;
      INSERT INTO coursework_topics (student_id, subject_term_id, teacher_id, topic)
      VALUES (@p36, @p37, @p38, @p39)
      RETURNING id;
      INSERT INTO coursework_topics (student_id, subject_term_id, teacher_id, topic)
      VALUES (@p40, @p41, @p42, @p43)
      RETURNING id;
      INSERT INTO coursework_topics (student_id, subject_term_id, teacher_id, topic)
      VALUES (@p44, @p45, @p46, @p47)
      RETURNING id;
      INSERT INTO coursework_topics (student_id, subject_term_id, teacher_id, topic)
      VALUES (@p48, @p49, @p50, @p51)
      RETURNING id;
      INSERT INTO coursework_topics (student_id, subject_term_id, teacher_id, topic)
      VALUES (@p52, @p53, @p54, @p55)
      RETURNING id;
      INSERT INTO coursework_topics (student_id, subject_term_id, teacher_id, topic)
      VALUES (@p56, @p57, @p58, @p59)
      RETURNING id;
      INSERT INTO coursework_topics (student_id, subject_term_id, teacher_id, topic)
      VALUES (@p60, @p61, @p62, @p63)
      RETURNING id;
      INSERT INTO coursework_topics (student_id, subject_term_id, teacher_id, topic)
      VALUES (@p64, @p65, @p66, @p67)
      RETURNING id;
      INSERT INTO coursework_topics (student_id, subject_term_id, teacher_id, topic)
      VALUES (@p68, @p69, @p70, @p71)
      RETURNING id;
      INSERT INTO coursework_topics (student_id, subject_term_id, teacher_id, topic)
      VALUES (@p72, @p73, @p74, @p75)
      RETURNING id;
      INSERT INTO coursework_topics (student_id, subject_term_id, teacher_id, topic)
      VALUES (@p76, @p77, @p78, @p79)
      RETURNING id;
      INSERT INTO coursework_topics (student_id, subject_term_id, teacher_id, topic)
      VALUES (@p80, @p81, @p82, @p83)
      RETURNING id;
      INSERT INTO coursework_topics (student_id, subject_term_id, teacher_id, topic)
      VALUES (@p84, @p85, @p86, @p87)
      RETURNING id;
      INSERT INTO coursework_topics (student_id, subject_term_id, teacher_id, topic)
      VALUES (@p88, @p89, @p90, @p91)
      RETURNING id;
      INSERT INTO coursework_topics (student_id, subject_term_id, teacher_id, topic)
      VALUES (@p92, @p93, @p94, @p95)
      RETURNING id;
      INSERT INTO coursework_topics (student_id, subject_term_id, teacher_id, topic)
      VALUES (@p96, @p97, @p98, @p99)
      RETURNING id;
      INSERT INTO coursework_topics (student_id, subject_term_id, teacher_id, topic)
      VALUES (@p100, @p101, @p102, @p103)
      RETURNING id;
      INSERT INTO coursework_topics (student_id, subject_term_id, teacher_id, topic)
      VALUES (@p104, @p105, @p106, @p107)
      RETURNING id;
      INSERT INTO coursework_topics (student_id, subject_term_id, teacher_id, topic)
      VALUES (@p108, @p109, @p110, @p111)
      RETURNING id;
      INSERT INTO coursework_topics (student_id, subject_term_id, teacher_id, topic)
      VALUES (@p112, @p113, @p114, @p115)
      RETURNING id;
      INSERT INTO coursework_topics (student_id, subject_term_id, teacher_id, topic)
      VALUES (@p116, @p117, @p118, @p119)
      RETURNING id;
      INSERT INTO coursework_topics (student_id, subject_term_id, teacher_id, topic)
      VALUES (@p120, @p121, @p122, @p123)
      RETURNING id;
      INSERT INTO coursework_topics (student_id, subject_term_id, teacher_id, topic)
      VALUES (@p124, @p125, @p126, @p127)
      RETURNING id;
      INSERT INTO coursework_topics (student_id, subject_term_id, teacher_id, topic)
      VALUES (@p128, @p129, @p130, @p131)
      RETURNING id;
      INSERT INTO coursework_topics (student_id, subject_term_id, teacher_id, topic)
      VALUES (@p132, @p133, @p134, @p135)
      RETURNING id;
info: Microsoft.EntityFrameworkCore.Database.Command[20101]
      Executed DbCommand (1ms) [Parameters=[@ef_filter__CurrentTeacherId='?' (DbType = Int32), @Id='?' (DbType = Int32)], CommandType='Text', CommandTimeout='30']
      SELECT s.id, s.disk_root_path, s.general_requirements, s.study_semester, s.subject_id, s.teacher_id, s.term_id, s1.id, s1.ai_reference_text, s1.code, s1.disk_path_template, s1.final_assessment, s1.is_active, s1.name, s1.teacher_id, s1.aliases, t.id, t.academic_year, t.credit_week_start, t.season, t.session_start
      FROM subject_terms AS s
      INNER JOIN (
          SELECT s0.id, s0.ai_reference_text, s0.code, s0.disk_path_template, s0.final_assessment, s0.is_active, s0.name, s0.teacher_id, s0.aliases
          FROM subjects AS s0
          WHERE s0.teacher_id = @ef_filter__CurrentTeacherId
      ) AS s1 ON s.subject_id = s1.id
      INNER JOIN terms AS t ON s.term_id = t.id
      WHERE s.teacher_id = @ef_filter__CurrentTeacherId AND s.id = @Id
      ORDER BY s.id, s1.id, t.id
      LIMIT 2
info: Microsoft.EntityFrameworkCore.Database.Command[20101]
      Executed DbCommand (1ms) [Parameters=[@ef_filter__CurrentTeacherId='?' (DbType = Int32), @Id='?' (DbType = Int32)], CommandType='Text', CommandTimeout='30']
      SELECT s5.group_id, s5.subject_term_id, s5.id, s5.admission_year, s5.direction, s5.name, s5.name_key, s4.id, s4.id0, s4.id1
      FROM (
          SELECT s.id, s1.id AS id0, t.id AS id1
          FROM subject_terms AS s
          INNER JOIN (
              SELECT s0.id
              FROM subjects AS s0
              WHERE s0.teacher_id = @ef_filter__CurrentTeacherId
          ) AS s1 ON s.subject_id = s1.id
          INNER JOIN terms AS t ON s.term_id = t.id
          WHERE s.teacher_id = @ef_filter__CurrentTeacherId AND s.id = @Id
          ORDER BY s.id, s1.id, t.id
          LIMIT 1
      ) AS s4
      INNER JOIN (
          SELECT s2.group_id, s2.subject_term_id, g.id, g.admission_year, g.direction, g.name, g.name_key
          FROM subject_term_groups AS s2
          INNER JOIN groups AS g ON s2.group_id = g.id
      ) AS s5 ON s4.id = s5.subject_term_id
      ORDER BY s4.id, s4.id0, s4.id1, s5.group_id, s5.subject_term_id, s5.id
info: Microsoft.EntityFrameworkCore.Database.Command[20101]
      Executed DbCommand (1ms) [Parameters=[@ef_filter__CurrentTeacherId='?' (DbType = Int32), @Id='?' (DbType = Int32)], CommandType='Text', CommandTimeout='30']
      SELECT s3.id, s3.first_name, s3.group_id, s3.is_active, s3.last_name, s3.middle_name, s4.id, s4.id0, s4.id1, s5.group_id, s5.subject_term_id, s5.id
      FROM (
          SELECT s.id, s1.id AS id0, t.id AS id1
          FROM subject_terms AS s
          INNER JOIN (
              SELECT s0.id
              FROM subjects AS s0
              WHERE s0.teacher_id = @ef_filter__CurrentTeacherId
          ) AS s1 ON s.subject_id = s1.id
          INNER JOIN terms AS t ON s.term_id = t.id
          WHERE s.teacher_id = @ef_filter__CurrentTeacherId AND s.id = @Id
          ORDER BY s.id, s1.id, t.id
          LIMIT 1
      ) AS s4
      INNER JOIN (
          SELECT s2.group_id, s2.subject_term_id, g.id
          FROM subject_term_groups AS s2
          INNER JOIN groups AS g ON s2.group_id = g.id
      ) AS s5 ON s4.id = s5.subject_term_id
      INNER JOIN students AS s3 ON s5.id = s3.group_id
      ORDER BY s4.id, s4.id0, s4.id1, s5.group_id, s5.subject_term_id, s5.id
info: Microsoft.EntityFrameworkCore.Database.Command[20101]
      Executed DbCommand (1ms) [Parameters=[@ef_filter__CurrentTeacherId='?' (DbType = Int32), @Id='?' (DbType = Int32)], CommandType='Text', CommandTimeout='30']
      SELECT a0.id, a0.ai_check_enabled, a0.deadline_override, a0.kind, a0.number, a0.subject_term_id, a0.task_text, a0.teacher_id, a0.title, a0.checklist, s6.id, s6.id0, s6.id1
      FROM (
          SELECT s.id, s1.id AS id0, t.id AS id1
          FROM subject_terms AS s
          INNER JOIN (
              SELECT s0.id
              FROM subjects AS s0
              WHERE s0.teacher_id = @ef_filter__CurrentTeacherId
          ) AS s1 ON s.subject_id = s1.id
          INNER JOIN terms AS t ON s.term_id = t.id
          WHERE s.teacher_id = @ef_filter__CurrentTeacherId AND s.id = @Id
          ORDER BY s.id, s1.id, t.id
          LIMIT 1
      ) AS s6
      INNER JOIN (
          SELECT a.id, a.ai_check_enabled, a.deadline_override, a.kind, a.number, a.subject_term_id, a.task_text, a.teacher_id, a.title, a.checklist
          FROM assignments AS a
          WHERE a.teacher_id = @ef_filter__CurrentTeacherId
      ) AS a0 ON s6.id = a0.subject_term_id
      ORDER BY s6.id, s6.id0, s6.id1
info: Microsoft.EntityFrameworkCore.Database.Command[20101]
      Executed DbCommand (1ms) [Parameters=[@ef_filter__CurrentTeacherId='?' (DbType = Int32), @Id='?' (DbType = Int32)], CommandType='Text', CommandTimeout='30']
      SELECT c0.id, c0.student_id, c0.subject_term_id, c0.teacher_id, c0.topic, s7.id, s7.id0, s7.id1
      FROM (
          SELECT s.id, s1.id AS id0, t.id AS id1
          FROM subject_terms AS s
          INNER JOIN (
              SELECT s0.id
              FROM subjects AS s0
              WHERE s0.teacher_id = @ef_filter__CurrentTeacherId
          ) AS s1 ON s.subject_id = s1.id
          INNER JOIN terms AS t ON s.term_id = t.id
          WHERE s.teacher_id = @ef_filter__CurrentTeacherId AND s.id = @Id
          ORDER BY s.id, s1.id, t.id
          LIMIT 1
      ) AS s7
      INNER JOIN (
          SELECT c.id, c.student_id, c.subject_term_id, c.teacher_id, c.topic
          FROM coursework_topics AS c
          WHERE c.teacher_id = @ef_filter__CurrentTeacherId
      ) AS c0 ON s7.id = c0.subject_term_id
      ORDER BY s7.id, s7.id0, s7.id1
info: Microsoft.EntityFrameworkCore.Database.Command[20101]
      Executed DbCommand (1ms) [Parameters=[], CommandType='Text', CommandTimeout='30']
      SELECT g.id, g.admission_year, g.direction, g.name, g.name_key, s.id, s.first_name, s.group_id, s.is_active, s.last_name, s.middle_name
      FROM groups AS g
      LEFT JOIN students AS s ON g.id = s.group_id
      ORDER BY g.id
info: Microsoft.EntityFrameworkCore.Database.Command[20101]
      Executed DbCommand (0ms) [Parameters=[@ef_filter__CurrentTeacherId='?' (DbType = Int32), @subjectTermId='?' (DbType = Int32)], CommandType='Text', CommandTimeout='30']
      SELECT t.id, t.kind, t.file_name, t.size, t.uploaded_at, t.applied_at
      FROM task_documents AS t
      WHERE t.teacher_id = @ef_filter__CurrentTeacherId AND t.subject_term_id = @subjectTermId
      ORDER BY t.uploaded_at DESC
info: Microsoft.EntityFrameworkCore.Database.Command[20101]
      Executed DbCommand (1ms) [Parameters=[@ef_filter__CurrentTeacherId='?' (DbType = Int32), @subjectTerm_SubjectId='?' (DbType = Int32), @subjectTerm_Id='?' (DbType = Int32)], CommandType='Text', CommandTimeout='30']
      SELECT s.id, s.disk_root_path, s.general_requirements, s.study_semester, s.subject_id, s.teacher_id, s.term_id, t.id, t.academic_year, t.credit_week_start, t.season, t.session_start
      FROM subject_terms AS s
      INNER JOIN terms AS t ON s.term_id = t.id
      WHERE s.teacher_id = @ef_filter__CurrentTeacherId AND s.subject_id = @subjectTerm_SubjectId AND s.id <> @subjectTerm_Id
      ORDER BY s.id, t.id
info: Microsoft.EntityFrameworkCore.Database.Command[20101]
      Executed DbCommand (0ms) [Parameters=[@ef_filter__CurrentTeacherId='?' (DbType = Int32)], CommandType='Text', CommandTimeout='30']
      SELECT m.address AS "Address", m.last_check_ok AS "LastCheckOk"
      FROM mail_connections AS m
      WHERE m.teacher_id = @ef_filter__CurrentTeacherId
      LIMIT 1
info: Microsoft.EntityFrameworkCore.Database.Command[20101]
      Executed DbCommand (1ms) [Parameters=[@ef_filter__CurrentTeacherId='?' (DbType = Int32), @Id='?' (DbType = Int32)], CommandType='Text', CommandTimeout='30']
      SELECT s.id, s.disk_root_path, s.general_requirements, s.study_semester, s.subject_id, s.teacher_id, s.term_id, s1.id, s1.ai_reference_text, s1.code, s1.disk_path_template, s1.final_assessment, s1.is_active, s1.name, s1.teacher_id, s1.aliases, t.id, t.academic_year, t.credit_week_start, t.season, t.session_start
      FROM subject_terms AS s
      INNER JOIN (
          SELECT s0.id, s0.ai_reference_text, s0.code, s0.disk_path_template, s0.final_assessment, s0.is_active, s0.name, s0.teacher_id, s0.aliases
          FROM subjects AS s0
          WHERE s0.teacher_id = @ef_filter__CurrentTeacherId
      ) AS s1 ON s.subject_id = s1.id
      INNER JOIN terms AS t ON s.term_id = t.id
      WHERE s.teacher_id = @ef_filter__CurrentTeacherId AND s.id = @Id
      ORDER BY s.id, s1.id, t.id
      LIMIT 2
info: Microsoft.EntityFrameworkCore.Database.Command[20101]
      Executed DbCommand (1ms) [Parameters=[@ef_filter__CurrentTeacherId='?' (DbType = Int32), @Id='?' (DbType = Int32)], CommandType='Text', CommandTimeout='30']
      SELECT s5.group_id, s5.subject_term_id, s5.id, s5.admission_year, s5.direction, s5.name, s5.name_key, s4.id, s4.id0, s4.id1
      FROM (
          SELECT s.id, s1.id AS id0, t.id AS id1
          FROM subject_terms AS s
          INNER JOIN (
              SELECT s0.id
              FROM subjects AS s0
              WHERE s0.teacher_id = @ef_filter__CurrentTeacherId
          ) AS s1 ON s.subject_id = s1.id
          INNER JOIN terms AS t ON s.term_id = t.id
          WHERE s.teacher_id = @ef_filter__CurrentTeacherId AND s.id = @Id
          ORDER BY s.id, s1.id, t.id
          LIMIT 1
      ) AS s4
      INNER JOIN (
          SELECT s2.group_id, s2.subject_term_id, g.id, g.admission_year, g.direction, g.name, g.name_key
          FROM subject_term_groups AS s2
          INNER JOIN groups AS g ON s2.group_id = g.id
      ) AS s5 ON s4.id = s5.subject_term_id
      ORDER BY s4.id, s4.id0, s4.id1, s5.group_id, s5.subject_term_id, s5.id
info: Microsoft.EntityFrameworkCore.Database.Command[20101]
      Executed DbCommand (2ms) [Parameters=[@ef_filter__CurrentTeacherId='?' (DbType = Int32), @Id='?' (DbType = Int32)], CommandType='Text', CommandTimeout='30']
      SELECT s3.id, s3.first_name, s3.group_id, s3.is_active, s3.last_name, s3.middle_name, s4.id, s4.id0, s4.id1, s5.group_id, s5.subject_term_id, s5.id
      FROM (
          SELECT s.id, s1.id AS id0, t.id AS id1
          FROM subject_terms AS s
          INNER JOIN (
              SELECT s0.id
              FROM subjects AS s0
              WHERE s0.teacher_id = @ef_filter__CurrentTeacherId
          ) AS s1 ON s.subject_id = s1.id
          INNER JOIN terms AS t ON s.term_id = t.id
          WHERE s.teacher_id = @ef_filter__CurrentTeacherId AND s.id = @Id
          ORDER BY s.id, s1.id, t.id
          LIMIT 1
      ) AS s4
      INNER JOIN (
          SELECT s2.group_id, s2.subject_term_id, g.id
          FROM subject_term_groups AS s2
          INNER JOIN groups AS g ON s2.group_id = g.id
      ) AS s5 ON s4.id = s5.subject_term_id
      INNER JOIN students AS s3 ON s5.id = s3.group_id
      ORDER BY s4.id, s4.id0, s4.id1, s5.group_id, s5.subject_term_id, s5.id
info: Microsoft.EntityFrameworkCore.Database.Command[20101]
      Executed DbCommand (1ms) [Parameters=[@ef_filter__CurrentTeacherId='?' (DbType = Int32), @Id='?' (DbType = Int32)], CommandType='Text', CommandTimeout='30']
      SELECT a0.id, a0.ai_check_enabled, a0.deadline_override, a0.kind, a0.number, a0.subject_term_id, a0.task_text, a0.teacher_id, a0.title, a0.checklist, s6.id, s6.id0, s6.id1
      FROM (
          SELECT s.id, s1.id AS id0, t.id AS id1
          FROM subject_terms AS s
          INNER JOIN (
              SELECT s0.id
              FROM subjects AS s0
              WHERE s0.teacher_id = @ef_filter__CurrentTeacherId
          ) AS s1 ON s.subject_id = s1.id
          INNER JOIN terms AS t ON s.term_id = t.id
          WHERE s.teacher_id = @ef_filter__CurrentTeacherId AND s.id = @Id
          ORDER BY s.id, s1.id, t.id
          LIMIT 1
      ) AS s6
      INNER JOIN (
          SELECT a.id, a.ai_check_enabled, a.deadline_override, a.kind, a.number, a.subject_term_id, a.task_text, a.teacher_id, a.title, a.checklist
          FROM assignments AS a
          WHERE a.teacher_id = @ef_filter__CurrentTeacherId
      ) AS a0 ON s6.id = a0.subject_term_id
      ORDER BY s6.id, s6.id0, s6.id1
info: Microsoft.EntityFrameworkCore.Database.Command[20101]
      Executed DbCommand (1ms) [Parameters=[@ef_filter__CurrentTeacherId='?' (DbType = Int32), @Id='?' (DbType = Int32)], CommandType='Text', CommandTimeout='30']
      SELECT c0.id, c0.student_id, c0.subject_term_id, c0.teacher_id, c0.topic, s7.id, s7.id0, s7.id1
      FROM (
          SELECT s.id, s1.id AS id0, t.id AS id1
          FROM subject_terms AS s
          INNER JOIN (
              SELECT s0.id
              FROM subjects AS s0
              WHERE s0.teacher_id = @ef_filter__CurrentTeacherId
          ) AS s1 ON s.subject_id = s1.id
          INNER JOIN terms AS t ON s.term_id = t.id
          WHERE s.teacher_id = @ef_filter__CurrentTeacherId AND s.id = @Id
          ORDER BY s.id, s1.id, t.id
          LIMIT 1
      ) AS s7
      INNER JOIN (
          SELECT c.id, c.student_id, c.subject_term_id, c.teacher_id, c.topic
          FROM coursework_topics AS c
          WHERE c.teacher_id = @ef_filter__CurrentTeacherId
      ) AS c0 ON s7.id = c0.subject_term_id
      ORDER BY s7.id, s7.id0, s7.id1
info: Microsoft.EntityFrameworkCore.Database.Command[20101]
      Executed DbCommand (1ms) [Parameters=[], CommandType='Text', CommandTimeout='30']
      SELECT g.id, g.admission_year, g.direction, g.name, g.name_key, s.id, s.first_name, s.group_id, s.is_active, s.last_name, s.middle_name
      FROM groups AS g
      LEFT JOIN students AS s ON g.id = s.group_id
      ORDER BY g.id
info: Microsoft.EntityFrameworkCore.Database.Command[20101]
      Executed DbCommand (0ms) [Parameters=[@ef_filter__CurrentTeacherId='?' (DbType = Int32), @subjectTermId='?' (DbType = Int32)], CommandType='Text', CommandTimeout='30']
      SELECT t.id, t.kind, t.file_name, t.size, t.uploaded_at, t.applied_at
      FROM task_documents AS t
      WHERE t.teacher_id = @ef_filter__CurrentTeacherId AND t.subject_term_id = @subjectTermId
      ORDER BY t.uploaded_at DESC
info: Microsoft.EntityFrameworkCore.Database.Command[20101]
      Executed DbCommand (1ms) [Parameters=[@ef_filter__CurrentTeacherId='?' (DbType = Int32), @subjectTerm_SubjectId='?' (DbType = Int32), @subjectTerm_Id='?' (DbType = Int32)], CommandType='Text', CommandTimeout='30']
      SELECT s.id, s.disk_root_path, s.general_requirements, s.study_semester, s.subject_id, s.teacher_id, s.term_id, t.id, t.academic_year, t.credit_week_start, t.season, t.session_start
      FROM subject_terms AS s
      INNER JOIN terms AS t ON s.term_id = t.id
      WHERE s.teacher_id = @ef_filter__CurrentTeacherId AND s.subject_id = @subjectTerm_SubjectId AND s.id <> @subjectTerm_Id
      ORDER BY s.id, t.id
info: Microsoft.EntityFrameworkCore.Database.Command[20101]
      Executed DbCommand (1ms) [Parameters=[@ef_filter__CurrentTeacherId='?' (DbType = Int32), @subjectTermId='?' (DbType = Int32)], CommandType='Text', CommandTimeout='30']
      SELECT EXISTS (
          SELECT 1
          FROM subject_terms AS s
          WHERE s.teacher_id = @ef_filter__CurrentTeacherId AND s.id = @subjectTermId)
info: Microsoft.EntityFrameworkCore.Database.Command[20101]
      Executed DbCommand (0ms) [Parameters=[@ef_filter__CurrentTeacherId='?' (DbType = Int32), @subjectTermId='?' (DbType = Int32), @kind='?'], CommandType='Text', CommandTimeout='30']
      SELECT t.id, t.applied_at, t.content, t.file_name, t.kind, t.sha256, t.size, t.subject_term_id, t.teacher_id, t.uploaded_at
      FROM task_documents AS t
      WHERE t.teacher_id = @ef_filter__CurrentTeacherId AND t.subject_term_id = @subjectTermId AND t.kind = @kind AND t.applied_at IS NULL
info: Microsoft.EntityFrameworkCore.Database.Command[20101]
      Executed DbCommand (5ms) [Parameters=[@p0='?' (DbType = DateTime), @p1='?' (DbType = Binary), @p2='?', @p3='?', @p4='?', @p5='?' (DbType = Int64), @p6='?' (DbType = Int32), @p7='?' (DbType = Int32), @p8='?' (DbType = DateTime)], CommandType='Text', CommandTimeout='30']
      INSERT INTO task_documents (applied_at, content, file_name, kind, sha256, size, subject_term_id, teacher_id, uploaded_at)
      VALUES (@p0, @p1, @p2, @p3, @p4, @p5, @p6, @p7, @p8)
      RETURNING id;
info: Microsoft.EntityFrameworkCore.Database.Command[20101]
      Executed DbCommand (1ms) [Parameters=[@ef_filter__CurrentTeacherId='?' (DbType = Int32), @Id='?' (DbType = Int32)], CommandType='Text', CommandTimeout='30']
      SELECT s.id, s.disk_root_path, s.general_requirements, s.study_semester, s.subject_id, s.teacher_id, s.term_id, s1.id, s1.ai_reference_text, s1.code, s1.disk_path_template, s1.final_assessment, s1.is_active, s1.name, s1.teacher_id, s1.aliases, t.id, t.academic_year, t.credit_week_start, t.season, t.session_start
      FROM subject_terms AS s
      INNER JOIN (
          SELECT s0.id, s0.ai_reference_text, s0.code, s0.disk_path_template, s0.final_assessment, s0.is_active, s0.name, s0.teacher_id, s0.aliases
          FROM subjects AS s0
          WHERE s0.teacher_id = @ef_filter__CurrentTeacherId
      ) AS s1 ON s.subject_id = s1.id
      INNER JOIN terms AS t ON s.term_id = t.id
      WHERE s.teacher_id = @ef_filter__CurrentTeacherId AND s.id = @Id
      ORDER BY s.id, s1.id, t.id
      LIMIT 2
info: Microsoft.EntityFrameworkCore.Database.Command[20101]
      Executed DbCommand (1ms) [Parameters=[@ef_filter__CurrentTeacherId='?' (DbType = Int32), @Id='?' (DbType = Int32)], CommandType='Text', CommandTimeout='30']
      SELECT a0.id, a0.ai_check_enabled, a0.deadline_override, a0.kind, a0.number, a0.subject_term_id, a0.task_text, a0.teacher_id, a0.title, a0.checklist, s2.id, s2.id0, s2.id1
      FROM (
          SELECT s.id, s1.id AS id0, t.id AS id1
          FROM subject_terms AS s
          INNER JOIN (
              SELECT s0.id
              FROM subjects AS s0
              WHERE s0.teacher_id = @ef_filter__CurrentTeacherId
          ) AS s1 ON s.subject_id = s1.id
          INNER JOIN terms AS t ON s.term_id = t.id
          WHERE s.teacher_id = @ef_filter__CurrentTeacherId AND s.id = @Id
          ORDER BY s.id, s1.id, t.id
          LIMIT 1
      ) AS s2
      INNER JOIN (
          SELECT a.id, a.ai_check_enabled, a.deadline_override, a.kind, a.number, a.subject_term_id, a.task_text, a.teacher_id, a.title, a.checklist
          FROM assignments AS a
          WHERE a.teacher_id = @ef_filter__CurrentTeacherId
      ) AS a0 ON s2.id = a0.subject_term_id
      ORDER BY s2.id, s2.id0, s2.id1
info: Microsoft.EntityFrameworkCore.Database.Command[20101]
      Executed DbCommand (1ms) [Parameters=[@ef_filter__CurrentTeacherId='?' (DbType = Int32), @documentId='?' (DbType = Int32), @subjectTermId='?' (DbType = Int32), @kind='?'], CommandType='Text', CommandTimeout='30']
      SELECT t.id, t.applied_at, t.content, t.file_name, t.kind, t.sha256, t.size, t.subject_term_id, t.teacher_id, t.uploaded_at
      FROM task_documents AS t
      WHERE t.teacher_id = @ef_filter__CurrentTeacherId AND t.id = @documentId AND t.subject_term_id = @subjectTermId AND t.kind = @kind
      LIMIT 2
info: Microsoft.EntityFrameworkCore.Database.Command[20101]
      Executed DbCommand (0ms) [Parameters=[@ef_filter__CurrentTeacherId='?' (DbType = Int32)], CommandType='Text', CommandTimeout='30']
      SELECT m.address AS "Address", m.last_check_ok AS "LastCheckOk"
      FROM mail_connections AS m
      WHERE m.teacher_id = @ef_filter__CurrentTeacherId
      LIMIT 1
info: Microsoft.EntityFrameworkCore.Database.Command[20101]
      Executed DbCommand (1ms) [Parameters=[@ef_filter__CurrentTeacherId='?' (DbType = Int32), @Id='?' (DbType = Int32)], CommandType='Text', CommandTimeout='30']
      SELECT s.id, s.disk_root_path, s.general_requirements, s.study_semester, s.subject_id, s.teacher_id, s.term_id, s1.id, s1.ai_reference_text, s1.code, s1.disk_path_template, s1.final_assessment, s1.is_active, s1.name, s1.teacher_id, s1.aliases, t.id, t.academic_year, t.credit_week_start, t.season, t.session_start
      FROM subject_terms AS s
      INNER JOIN (
          SELECT s0.id, s0.ai_reference_text, s0.code, s0.disk_path_template, s0.final_assessment, s0.is_active, s0.name, s0.teacher_id, s0.aliases
          FROM subjects AS s0
          WHERE s0.teacher_id = @ef_filter__CurrentTeacherId
      ) AS s1 ON s.subject_id = s1.id
      INNER JOIN terms AS t ON s.term_id = t.id
      WHERE s.teacher_id = @ef_filter__CurrentTeacherId AND s.id = @Id
      ORDER BY s.id, s1.id, t.id
      LIMIT 2
info: Microsoft.EntityFrameworkCore.Database.Command[20101]
      Executed DbCommand (1ms) [Parameters=[@ef_filter__CurrentTeacherId='?' (DbType = Int32), @Id='?' (DbType = Int32)], CommandType='Text', CommandTimeout='30']
      SELECT a0.id, a0.ai_check_enabled, a0.deadline_override, a0.kind, a0.number, a0.subject_term_id, a0.task_text, a0.teacher_id, a0.title, a0.checklist, s2.id, s2.id0, s2.id1
      FROM (
          SELECT s.id, s1.id AS id0, t.id AS id1
          FROM subject_terms AS s
          INNER JOIN (
              SELECT s0.id
              FROM subjects AS s0
              WHERE s0.teacher_id = @ef_filter__CurrentTeacherId
          ) AS s1 ON s.subject_id = s1.id
          INNER JOIN terms AS t ON s.term_id = t.id
          WHERE s.teacher_id = @ef_filter__CurrentTeacherId AND s.id = @Id
          ORDER BY s.id, s1.id, t.id
          LIMIT 1
      ) AS s2
      INNER JOIN (
          SELECT a.id, a.ai_check_enabled, a.deadline_override, a.kind, a.number, a.subject_term_id, a.task_text, a.teacher_id, a.title, a.checklist
          FROM assignments AS a
          WHERE a.teacher_id = @ef_filter__CurrentTeacherId
      ) AS a0 ON s2.id = a0.subject_term_id
      ORDER BY s2.id, s2.id0, s2.id1
info: Microsoft.EntityFrameworkCore.Database.Command[20101]
      Executed DbCommand (1ms) [Parameters=[@ef_filter__CurrentTeacherId='?' (DbType = Int32), @documentId='?' (DbType = Int32), @subjectTermId='?' (DbType = Int32), @kind='?'], CommandType='Text', CommandTimeout='30']
      SELECT t.id, t.applied_at, t.content, t.file_name, t.kind, t.sha256, t.size, t.subject_term_id, t.teacher_id, t.uploaded_at
      FROM task_documents AS t
      WHERE t.teacher_id = @ef_filter__CurrentTeacherId AND t.id = @documentId AND t.subject_term_id = @subjectTermId AND t.kind = @kind
      LIMIT 2
info: Microsoft.EntityFrameworkCore.Database.Command[20101]
      Executed DbCommand (3ms) [Parameters=[@p0='?' (DbType = Int32), @p1='?' (DbType = Int32), @p2='?' (DbType = Int32), @p3='?' (DbType = Int32), @p7='?' (DbType = Int32), @p4='?', @p5='?', @p6='?' (DbType = Object), @p11='?' (DbType = Int32), @p8='?', @p9='?', @p10='?' (DbType = Object), @p15='?' (DbType = Int32), @p12='?', @p13='?', @p14='?' (DbType = Object), @p19='?' (DbType = Int32), @p16='?', @p17='?', @p18='?' (DbType = Object), @p21='?' (DbType = Int32), @p20='?', @p23='?' (DbType = Int32), @p22='?' (DbType = DateTime)], CommandType='Text', CommandTimeout='30']
      DELETE FROM assignments
      WHERE id = @p0;
      DELETE FROM assignments
      WHERE id = @p1;
      DELETE FROM assignments
      WHERE id = @p2;
      DELETE FROM assignments
      WHERE id = @p3;
      UPDATE assignments SET task_text = @p4, title = @p5, checklist = @p6
      WHERE id = @p7;
      UPDATE assignments SET task_text = @p8, title = @p9, checklist = @p10
      WHERE id = @p11;
      UPDATE assignments SET task_text = @p12, title = @p13, checklist = @p14
      WHERE id = @p15;
      UPDATE assignments SET task_text = @p16, title = @p17, checklist = @p18
      WHERE id = @p19;
      UPDATE subject_terms SET general_requirements = @p20
      WHERE id = @p21;
      UPDATE task_documents SET applied_at = @p22
      WHERE id = @p23;
info: Microsoft.EntityFrameworkCore.Database.Command[20101]
      Executed DbCommand (1ms) [Parameters=[@ef_filter__CurrentTeacherId='?' (DbType = Int32), @Id='?' (DbType = Int32)], CommandType='Text', CommandTimeout='30']
      SELECT s.id, s.disk_root_path, s.general_requirements, s.study_semester, s.subject_id, s.teacher_id, s.term_id, s1.id, s1.ai_reference_text, s1.code, s1.disk_path_template, s1.final_assessment, s1.is_active, s1.name, s1.teacher_id, s1.aliases, t.id, t.academic_year, t.credit_week_start, t.season, t.session_start
      FROM subject_terms AS s
      INNER JOIN (
          SELECT s0.id, s0.ai_reference_text, s0.code, s0.disk_path_template, s0.final_assessment, s0.is_active, s0.name, s0.teacher_id, s0.aliases
          FROM subjects AS s0
          WHERE s0.teacher_id = @ef_filter__CurrentTeacherId
      ) AS s1 ON s.subject_id = s1.id
      INNER JOIN terms AS t ON s.term_id = t.id
      WHERE s.teacher_id = @ef_filter__CurrentTeacherId AND s.id = @Id
      ORDER BY s.id, s1.id, t.id
      LIMIT 2
info: Microsoft.EntityFrameworkCore.Database.Command[20101]
      Executed DbCommand (1ms) [Parameters=[@ef_filter__CurrentTeacherId='?' (DbType = Int32), @Id='?' (DbType = Int32)], CommandType='Text', CommandTimeout='30']
      SELECT s5.group_id, s5.subject_term_id, s5.id, s5.admission_year, s5.direction, s5.name, s5.name_key, s4.id, s4.id0, s4.id1
      FROM (
          SELECT s.id, s1.id AS id0, t.id AS id1
          FROM subject_terms AS s
          INNER JOIN (
              SELECT s0.id
              FROM subjects AS s0
              WHERE s0.teacher_id = @ef_filter__CurrentTeacherId
          ) AS s1 ON s.subject_id = s1.id
          INNER JOIN terms AS t ON s.term_id = t.id
          WHERE s.teacher_id = @ef_filter__CurrentTeacherId AND s.id = @Id
          ORDER BY s.id, s1.id, t.id
          LIMIT 1
      ) AS s4
      INNER JOIN (
          SELECT s2.group_id, s2.subject_term_id, g.id, g.admission_year, g.direction, g.name, g.name_key
          FROM subject_term_groups AS s2
          INNER JOIN groups AS g ON s2.group_id = g.id
      ) AS s5 ON s4.id = s5.subject_term_id
      ORDER BY s4.id, s4.id0, s4.id1, s5.group_id, s5.subject_term_id, s5.id
info: Microsoft.EntityFrameworkCore.Database.Command[20101]
      Executed DbCommand (1ms) [Parameters=[@ef_filter__CurrentTeacherId='?' (DbType = Int32), @Id='?' (DbType = Int32)], CommandType='Text', CommandTimeout='30']
      SELECT s3.id, s3.first_name, s3.group_id, s3.is_active, s3.last_name, s3.middle_name, s4.id, s4.id0, s4.id1, s5.group_id, s5.subject_term_id, s5.id
      FROM (
          SELECT s.id, s1.id AS id0, t.id AS id1
          FROM subject_terms AS s
          INNER JOIN (
              SELECT s0.id
              FROM subjects AS s0
              WHERE s0.teacher_id = @ef_filter__CurrentTeacherId
          ) AS s1 ON s.subject_id = s1.id
          INNER JOIN terms AS t ON s.term_id = t.id
          WHERE s.teacher_id = @ef_filter__CurrentTeacherId AND s.id = @Id
          ORDER BY s.id, s1.id, t.id
          LIMIT 1
      ) AS s4
      INNER JOIN (
          SELECT s2.group_id, s2.subject_term_id, g.id
          FROM subject_term_groups AS s2
          INNER JOIN groups AS g ON s2.group_id = g.id
      ) AS s5 ON s4.id = s5.subject_term_id
      INNER JOIN students AS s3 ON s5.id = s3.group_id
      ORDER BY s4.id, s4.id0, s4.id1, s5.group_id, s5.subject_term_id, s5.id
info: Microsoft.EntityFrameworkCore.Database.Command[20101]
      Executed DbCommand (1ms) [Parameters=[@ef_filter__CurrentTeacherId='?' (DbType = Int32), @Id='?' (DbType = Int32)], CommandType='Text', CommandTimeout='30']
      SELECT a0.id, a0.ai_check_enabled, a0.deadline_override, a0.kind, a0.number, a0.subject_term_id, a0.task_text, a0.teacher_id, a0.title, a0.checklist, s6.id, s6.id0, s6.id1
      FROM (
          SELECT s.id, s1.id AS id0, t.id AS id1
          FROM subject_terms AS s
          INNER JOIN (
              SELECT s0.id
              FROM subjects AS s0
              WHERE s0.teacher_id = @ef_filter__CurrentTeacherId
          ) AS s1 ON s.subject_id = s1.id
          INNER JOIN terms AS t ON s.term_id = t.id
          WHERE s.teacher_id = @ef_filter__CurrentTeacherId AND s.id = @Id
          ORDER BY s.id, s1.id, t.id
          LIMIT 1
      ) AS s6
      INNER JOIN (
          SELECT a.id, a.ai_check_enabled, a.deadline_override, a.kind, a.number, a.subject_term_id, a.task_text, a.teacher_id, a.title, a.checklist
          FROM assignments AS a
          WHERE a.teacher_id = @ef_filter__CurrentTeacherId
      ) AS a0 ON s6.id = a0.subject_term_id
      ORDER BY s6.id, s6.id0, s6.id1
info: Microsoft.EntityFrameworkCore.Database.Command[20101]
      Executed DbCommand (1ms) [Parameters=[@ef_filter__CurrentTeacherId='?' (DbType = Int32), @Id='?' (DbType = Int32)], CommandType='Text', CommandTimeout='30']
      SELECT c0.id, c0.student_id, c0.subject_term_id, c0.teacher_id, c0.topic, s7.id, s7.id0, s7.id1
      FROM (
          SELECT s.id, s1.id AS id0, t.id AS id1
          FROM subject_terms AS s
          INNER JOIN (
              SELECT s0.id
              FROM subjects AS s0
              WHERE s0.teacher_id = @ef_filter__CurrentTeacherId
          ) AS s1 ON s.subject_id = s1.id
          INNER JOIN terms AS t ON s.term_id = t.id
          WHERE s.teacher_id = @ef_filter__CurrentTeacherId AND s.id = @Id
          ORDER BY s.id, s1.id, t.id
          LIMIT 1
      ) AS s7
      INNER JOIN (
          SELECT c.id, c.student_id, c.subject_term_id, c.teacher_id, c.topic
          FROM coursework_topics AS c
          WHERE c.teacher_id = @ef_filter__CurrentTeacherId
      ) AS c0 ON s7.id = c0.subject_term_id
      ORDER BY s7.id, s7.id0, s7.id1
info: Microsoft.EntityFrameworkCore.Database.Command[20101]
      Executed DbCommand (1ms) [Parameters=[], CommandType='Text', CommandTimeout='30']
      SELECT g.id, g.admission_year, g.direction, g.name, g.name_key, s.id, s.first_name, s.group_id, s.is_active, s.last_name, s.middle_name
      FROM groups AS g
      LEFT JOIN students AS s ON g.id = s.group_id
      ORDER BY g.id
info: Microsoft.EntityFrameworkCore.Database.Command[20101]
      Executed DbCommand (0ms) [Parameters=[@ef_filter__CurrentTeacherId='?' (DbType = Int32), @subjectTermId='?' (DbType = Int32)], CommandType='Text', CommandTimeout='30']
      SELECT t.id, t.kind, t.file_name, t.size, t.uploaded_at, t.applied_at
      FROM task_documents AS t
      WHERE t.teacher_id = @ef_filter__CurrentTeacherId AND t.subject_term_id = @subjectTermId
      ORDER BY t.uploaded_at DESC
info: Microsoft.EntityFrameworkCore.Database.Command[20101]
      Executed DbCommand (1ms) [Parameters=[@ef_filter__CurrentTeacherId='?' (DbType = Int32), @subjectTerm_SubjectId='?' (DbType = Int32), @subjectTerm_Id='?' (DbType = Int32)], CommandType='Text', CommandTimeout='30']
      SELECT s.id, s.disk_root_path, s.general_requirements, s.study_semester, s.subject_id, s.teacher_id, s.term_id, t.id, t.academic_year, t.credit_week_start, t.season, t.session_start
      FROM subject_terms AS s
      INNER JOIN terms AS t ON s.term_id = t.id
      WHERE s.teacher_id = @ef_filter__CurrentTeacherId AND s.subject_id = @subjectTerm_SubjectId AND s.id <> @subjectTerm_Id
      ORDER BY s.id, t.id
info: Microsoft.EntityFrameworkCore.Database.Command[20101]
      Executed DbCommand (0ms) [Parameters=[@ef_filter__CurrentTeacherId='?' (DbType = Int32)], CommandType='Text', CommandTimeout='30']
      SELECT m.address AS "Address", m.last_check_ok AS "LastCheckOk"
      FROM mail_connections AS m
      WHERE m.teacher_id = @ef_filter__CurrentTeacherId
      LIMIT 1
info: Microsoft.EntityFrameworkCore.Database.Command[20101]
      Executed DbCommand (1ms) [Parameters=[@ef_filter__CurrentTeacherId='?' (DbType = Int32), @Id='?' (DbType = Int32)], CommandType='Text', CommandTimeout='30']
      SELECT s.id, s.disk_root_path, s.general_requirements, s.study_semester, s.subject_id, s.teacher_id, s.term_id, s1.id, s1.ai_reference_text, s1.code, s1.disk_path_template, s1.final_assessment, s1.is_active, s1.name, s1.teacher_id, s1.aliases, t.id, t.academic_year, t.credit_week_start, t.season, t.session_start
      FROM subject_terms AS s
      INNER JOIN (
          SELECT s0.id, s0.ai_reference_text, s0.code, s0.disk_path_template, s0.final_assessment, s0.is_active, s0.name, s0.teacher_id, s0.aliases
          FROM subjects AS s0
          WHERE s0.teacher_id = @ef_filter__CurrentTeacherId
      ) AS s1 ON s.subject_id = s1.id
      INNER JOIN terms AS t ON s.term_id = t.id
      WHERE s.teacher_id = @ef_filter__CurrentTeacherId AND s.id = @Id
      ORDER BY s.id, s1.id, t.id
      LIMIT 2
info: Microsoft.EntityFrameworkCore.Database.Command[20101]
      Executed DbCommand (1ms) [Parameters=[@ef_filter__CurrentTeacherId='?' (DbType = Int32), @Id='?' (DbType = Int32)], CommandType='Text', CommandTimeout='30']
      SELECT s5.group_id, s5.subject_term_id, s5.id, s5.admission_year, s5.direction, s5.name, s5.name_key, s4.id, s4.id0, s4.id1
      FROM (
          SELECT s.id, s1.id AS id0, t.id AS id1
          FROM subject_terms AS s
          INNER JOIN (
              SELECT s0.id
              FROM subjects AS s0
              WHERE s0.teacher_id = @ef_filter__CurrentTeacherId
          ) AS s1 ON s.subject_id = s1.id
          INNER JOIN terms AS t ON s.term_id = t.id
          WHERE s.teacher_id = @ef_filter__CurrentTeacherId AND s.id = @Id
          ORDER BY s.id, s1.id, t.id
          LIMIT 1
      ) AS s4
      INNER JOIN (
          SELECT s2.group_id, s2.subject_term_id, g.id, g.admission_year, g.direction, g.name, g.name_key
          FROM subject_term_groups AS s2
          INNER JOIN groups AS g ON s2.group_id = g.id
      ) AS s5 ON s4.id = s5.subject_term_id
      ORDER BY s4.id, s4.id0, s4.id1, s5.group_id, s5.subject_term_id, s5.id
info: Microsoft.EntityFrameworkCore.Database.Command[20101]
      Executed DbCommand (1ms) [Parameters=[@ef_filter__CurrentTeacherId='?' (DbType = Int32), @Id='?' (DbType = Int32)], CommandType='Text', CommandTimeout='30']
      SELECT s3.id, s3.first_name, s3.group_id, s3.is_active, s3.last_name, s3.middle_name, s4.id, s4.id0, s4.id1, s5.group_id, s5.subject_term_id, s5.id
      FROM (
          SELECT s.id, s1.id AS id0, t.id AS id1
          FROM subject_terms AS s
          INNER JOIN (
              SELECT s0.id
              FROM subjects AS s0
              WHERE s0.teacher_id = @ef_filter__CurrentTeacherId
          ) AS s1 ON s.subject_id = s1.id
          INNER JOIN terms AS t ON s.term_id = t.id
          WHERE s.teacher_id = @ef_filter__CurrentTeacherId AND s.id = @Id
          ORDER BY s.id, s1.id, t.id
          LIMIT 1
      ) AS s4
      INNER JOIN (
          SELECT s2.group_id, s2.subject_term_id, g.id
          FROM subject_term_groups AS s2
          INNER JOIN groups AS g ON s2.group_id = g.id
      ) AS s5 ON s4.id = s5.subject_term_id
      INNER JOIN students AS s3 ON s5.id = s3.group_id
      ORDER BY s4.id, s4.id0, s4.id1, s5.group_id, s5.subject_term_id, s5.id
info: Microsoft.EntityFrameworkCore.Database.Command[20101]
      Executed DbCommand (1ms) [Parameters=[@ef_filter__CurrentTeacherId='?' (DbType = Int32), @Id='?' (DbType = Int32)], CommandType='Text', CommandTimeout='30']
      SELECT a0.id, a0.ai_check_enabled, a0.deadline_override, a0.kind, a0.number, a0.subject_term_id, a0.task_text, a0.teacher_id, a0.title, a0.checklist, s6.id, s6.id0, s6.id1
      FROM (
          SELECT s.id, s1.id AS id0, t.id AS id1
          FROM subject_terms AS s
          INNER JOIN (
              SELECT s0.id
              FROM subjects AS s0
              WHERE s0.teacher_id = @ef_filter__CurrentTeacherId
          ) AS s1 ON s.subject_id = s1.id
          INNER JOIN terms AS t ON s.term_id = t.id
          WHERE s.teacher_id = @ef_filter__CurrentTeacherId AND s.id = @Id
          ORDER BY s.id, s1.id, t.id
          LIMIT 1
      ) AS s6
      INNER JOIN (
          SELECT a.id, a.ai_check_enabled, a.deadline_override, a.kind, a.number, a.subject_term_id, a.task_text, a.teacher_id, a.title, a.checklist
          FROM assignments AS a
          WHERE a.teacher_id = @ef_filter__CurrentTeacherId
      ) AS a0 ON s6.id = a0.subject_term_id
      ORDER BY s6.id, s6.id0, s6.id1
info: Microsoft.EntityFrameworkCore.Database.Command[20101]
      Executed DbCommand (1ms) [Parameters=[@ef_filter__CurrentTeacherId='?' (DbType = Int32), @Id='?' (DbType = Int32)], CommandType='Text', CommandTimeout='30']
      SELECT c0.id, c0.student_id, c0.subject_term_id, c0.teacher_id, c0.topic, s7.id, s7.id0, s7.id1
      FROM (
          SELECT s.id, s1.id AS id0, t.id AS id1
          FROM subject_terms AS s
          INNER JOIN (
              SELECT s0.id
              FROM subjects AS s0
              WHERE s0.teacher_id = @ef_filter__CurrentTeacherId
          ) AS s1 ON s.subject_id = s1.id
          INNER JOIN terms AS t ON s.term_id = t.id
          WHERE s.teacher_id = @ef_filter__CurrentTeacherId AND s.id = @Id
          ORDER BY s.id, s1.id, t.id
          LIMIT 1
      ) AS s7
      INNER JOIN (
          SELECT c.id, c.student_id, c.subject_term_id, c.teacher_id, c.topic
          FROM coursework_topics AS c
          WHERE c.teacher_id = @ef_filter__CurrentTeacherId
      ) AS c0 ON s7.id = c0.subject_term_id
      ORDER BY s7.id, s7.id0, s7.id1
info: Microsoft.EntityFrameworkCore.Database.Command[20101]
      Executed DbCommand (1ms) [Parameters=[], CommandType='Text', CommandTimeout='30']
      SELECT g.id, g.admission_year, g.direction, g.name, g.name_key, s.id, s.first_name, s.group_id, s.is_active, s.last_name, s.middle_name
      FROM groups AS g
      LEFT JOIN students AS s ON g.id = s.group_id
      ORDER BY g.id
info: Microsoft.EntityFrameworkCore.Database.Command[20101]
      Executed DbCommand (0ms) [Parameters=[@ef_filter__CurrentTeacherId='?' (DbType = Int32), @subjectTermId='?' (DbType = Int32)], CommandType='Text', CommandTimeout='30']
      SELECT t.id, t.kind, t.file_name, t.size, t.uploaded_at, t.applied_at
      FROM task_documents AS t
      WHERE t.teacher_id = @ef_filter__CurrentTeacherId AND t.subject_term_id = @subjectTermId
      ORDER BY t.uploaded_at DESC
info: Microsoft.EntityFrameworkCore.Database.Command[20101]
      Executed DbCommand (1ms) [Parameters=[@ef_filter__CurrentTeacherId='?' (DbType = Int32), @subjectTerm_SubjectId='?' (DbType = Int32), @subjectTerm_Id='?' (DbType = Int32)], CommandType='Text', CommandTimeout='30']
      SELECT s.id, s.disk_root_path, s.general_requirements, s.study_semester, s.subject_id, s.teacher_id, s.term_id, t.id, t.academic_year, t.credit_week_start, t.season, t.session_start
      FROM subject_terms AS s
      INNER JOIN terms AS t ON s.term_id = t.id
      WHERE s.teacher_id = @ef_filter__CurrentTeacherId AND s.subject_id = @subjectTerm_SubjectId AND s.id <> @subjectTerm_Id
      ORDER BY s.id, t.id
info: Microsoft.EntityFrameworkCore.Database.Command[20101]
      Executed DbCommand (0ms) [Parameters=[@ef_filter__CurrentTeacherId='?' (DbType = Int32), @subjectTermId='?' (DbType = Int32)], CommandType='Text', CommandTimeout='30']
      SELECT EXISTS (
          SELECT 1
          FROM subject_terms AS s
          WHERE s.teacher_id = @ef_filter__CurrentTeacherId AND s.id = @subjectTermId)
info: Microsoft.EntityFrameworkCore.Database.Command[20101]
      Executed DbCommand (0ms) [Parameters=[@ef_filter__CurrentTeacherId='?' (DbType = Int32), @subjectTermId='?' (DbType = Int32), @kind='?'], CommandType='Text', CommandTimeout='30']
      SELECT t.id, t.applied_at, t.content, t.file_name, t.kind, t.sha256, t.size, t.subject_term_id, t.teacher_id, t.uploaded_at
      FROM task_documents AS t
      WHERE t.teacher_id = @ef_filter__CurrentTeacherId AND t.subject_term_id = @subjectTermId AND t.kind = @kind AND t.applied_at IS NULL
info: Microsoft.EntityFrameworkCore.Database.Command[20101]
      Executed DbCommand (2ms) [Parameters=[@p0='?' (DbType = DateTime), @p1='?' (DbType = Binary), @p2='?', @p3='?', @p4='?', @p5='?' (DbType = Int64), @p6='?' (DbType = Int32), @p7='?' (DbType = Int32), @p8='?' (DbType = DateTime)], CommandType='Text', CommandTimeout='30']
      INSERT INTO task_documents (applied_at, content, file_name, kind, sha256, size, subject_term_id, teacher_id, uploaded_at)
      VALUES (@p0, @p1, @p2, @p3, @p4, @p5, @p6, @p7, @p8)
      RETURNING id;
info: Microsoft.EntityFrameworkCore.Database.Command[20101]
      Executed DbCommand (1ms) [Parameters=[@p2='?' (DbType = Int32), @p0='?', @p1='?' (DbType = Object), @p4='?' (DbType = Int32), @p3='?' (DbType = DateTime)], CommandType='Text', CommandTimeout='30']
      UPDATE assignments SET task_text = @p0, checklist = @p1
      WHERE id = @p2;
      UPDATE task_documents SET applied_at = @p3
      WHERE id = @p4;
info: Microsoft.EntityFrameworkCore.Database.Command[20101]
      Executed DbCommand (1ms) [Parameters=[@ef_filter__CurrentTeacherId='?' (DbType = Int32), @Id='?' (DbType = Int32)], CommandType='Text', CommandTimeout='30']
      SELECT s.id, s.disk_root_path, s.general_requirements, s.study_semester, s.subject_id, s.teacher_id, s.term_id, s1.id, s1.ai_reference_text, s1.code, s1.disk_path_template, s1.final_assessment, s1.is_active, s1.name, s1.teacher_id, s1.aliases, t.id, t.academic_year, t.credit_week_start, t.season, t.session_start
      FROM subject_terms AS s
      INNER JOIN (
          SELECT s0.id, s0.ai_reference_text, s0.code, s0.disk_path_template, s0.final_assessment, s0.is_active, s0.name, s0.teacher_id, s0.aliases
          FROM subjects AS s0
          WHERE s0.teacher_id = @ef_filter__CurrentTeacherId
      ) AS s1 ON s.subject_id = s1.id
      INNER JOIN terms AS t ON s.term_id = t.id
      WHERE s.teacher_id = @ef_filter__CurrentTeacherId AND s.id = @Id
      ORDER BY s.id, s1.id, t.id
      LIMIT 2
info: Microsoft.EntityFrameworkCore.Database.Command[20101]
      Executed DbCommand (1ms) [Parameters=[@ef_filter__CurrentTeacherId='?' (DbType = Int32), @Id='?' (DbType = Int32)], CommandType='Text', CommandTimeout='30']
      SELECT s5.group_id, s5.subject_term_id, s5.id, s5.admission_year, s5.direction, s5.name, s5.name_key, s4.id, s4.id0, s4.id1
      FROM (
          SELECT s.id, s1.id AS id0, t.id AS id1
          FROM subject_terms AS s
          INNER JOIN (
              SELECT s0.id
              FROM subjects AS s0
              WHERE s0.teacher_id = @ef_filter__CurrentTeacherId
          ) AS s1 ON s.subject_id = s1.id
          INNER JOIN terms AS t ON s.term_id = t.id
          WHERE s.teacher_id = @ef_filter__CurrentTeacherId AND s.id = @Id
          ORDER BY s.id, s1.id, t.id
          LIMIT 1
      ) AS s4
      INNER JOIN (
          SELECT s2.group_id, s2.subject_term_id, g.id, g.admission_year, g.direction, g.name, g.name_key
          FROM subject_term_groups AS s2
          INNER JOIN groups AS g ON s2.group_id = g.id
      ) AS s5 ON s4.id = s5.subject_term_id
      ORDER BY s4.id, s4.id0, s4.id1, s5.group_id, s5.subject_term_id, s5.id
info: Microsoft.EntityFrameworkCore.Database.Command[20101]
      Executed DbCommand (1ms) [Parameters=[@ef_filter__CurrentTeacherId='?' (DbType = Int32), @Id='?' (DbType = Int32)], CommandType='Text', CommandTimeout='30']
      SELECT s3.id, s3.first_name, s3.group_id, s3.is_active, s3.last_name, s3.middle_name, s4.id, s4.id0, s4.id1, s5.group_id, s5.subject_term_id, s5.id
      FROM (
          SELECT s.id, s1.id AS id0, t.id AS id1
          FROM subject_terms AS s
          INNER JOIN (
              SELECT s0.id
              FROM subjects AS s0
              WHERE s0.teacher_id = @ef_filter__CurrentTeacherId
          ) AS s1 ON s.subject_id = s1.id
          INNER JOIN terms AS t ON s.term_id = t.id
          WHERE s.teacher_id = @ef_filter__CurrentTeacherId AND s.id = @Id
          ORDER BY s.id, s1.id, t.id
          LIMIT 1
      ) AS s4
      INNER JOIN (
          SELECT s2.group_id, s2.subject_term_id, g.id
          FROM subject_term_groups AS s2
          INNER JOIN groups AS g ON s2.group_id = g.id
      ) AS s5 ON s4.id = s5.subject_term_id
      INNER JOIN students AS s3 ON s5.id = s3.group_id
      ORDER BY s4.id, s4.id0, s4.id1, s5.group_id, s5.subject_term_id, s5.id
info: Microsoft.EntityFrameworkCore.Database.Command[20101]
      Executed DbCommand (1ms) [Parameters=[@ef_filter__CurrentTeacherId='?' (DbType = Int32), @Id='?' (DbType = Int32)], CommandType='Text', CommandTimeout='30']
      SELECT a0.id, a0.ai_check_enabled, a0.deadline_override, a0.kind, a0.number, a0.subject_term_id, a0.task_text, a0.teacher_id, a0.title, a0.checklist, s6.id, s6.id0, s6.id1
      FROM (
          SELECT s.id, s1.id AS id0, t.id AS id1
          FROM subject_terms AS s
          INNER JOIN (
              SELECT s0.id
              FROM subjects AS s0
              WHERE s0.teacher_id = @ef_filter__CurrentTeacherId
          ) AS s1 ON s.subject_id = s1.id
          INNER JOIN terms AS t ON s.term_id = t.id
          WHERE s.teacher_id = @ef_filter__CurrentTeacherId AND s.id = @Id
          ORDER BY s.id, s1.id, t.id
          LIMIT 1
      ) AS s6
      INNER JOIN (
          SELECT a.id, a.ai_check_enabled, a.deadline_override, a.kind, a.number, a.subject_term_id, a.task_text, a.teacher_id, a.title, a.checklist
          FROM assignments AS a
          WHERE a.teacher_id = @ef_filter__CurrentTeacherId
      ) AS a0 ON s6.id = a0.subject_term_id
      ORDER BY s6.id, s6.id0, s6.id1
info: Microsoft.EntityFrameworkCore.Database.Command[20101]
      Executed DbCommand (1ms) [Parameters=[@ef_filter__CurrentTeacherId='?' (DbType = Int32), @Id='?' (DbType = Int32)], CommandType='Text', CommandTimeout='30']
      SELECT c0.id, c0.student_id, c0.subject_term_id, c0.teacher_id, c0.topic, s7.id, s7.id0, s7.id1
      FROM (
          SELECT s.id, s1.id AS id0, t.id AS id1
          FROM subject_terms AS s
          INNER JOIN (
              SELECT s0.id
              FROM subjects AS s0
              WHERE s0.teacher_id = @ef_filter__CurrentTeacherId
          ) AS s1 ON s.subject_id = s1.id
          INNER JOIN terms AS t ON s.term_id = t.id
          WHERE s.teacher_id = @ef_filter__CurrentTeacherId AND s.id = @Id
          ORDER BY s.id, s1.id, t.id
          LIMIT 1
      ) AS s7
      INNER JOIN (
          SELECT c.id, c.student_id, c.subject_term_id, c.teacher_id, c.topic
          FROM coursework_topics AS c
          WHERE c.teacher_id = @ef_filter__CurrentTeacherId
      ) AS c0 ON s7.id = c0.subject_term_id
      ORDER BY s7.id, s7.id0, s7.id1
info: Microsoft.EntityFrameworkCore.Database.Command[20101]
      Executed DbCommand (1ms) [Parameters=[], CommandType='Text', CommandTimeout='30']
      SELECT g.id, g.admission_year, g.direction, g.name, g.name_key, s.id, s.first_name, s.group_id, s.is_active, s.last_name, s.middle_name
      FROM groups AS g
      LEFT JOIN students AS s ON g.id = s.group_id
      ORDER BY g.id
info: Microsoft.EntityFrameworkCore.Database.Command[20101]
      Executed DbCommand (0ms) [Parameters=[@ef_filter__CurrentTeacherId='?' (DbType = Int32), @subjectTermId='?' (DbType = Int32)], CommandType='Text', CommandTimeout='30']
      SELECT t.id, t.kind, t.file_name, t.size, t.uploaded_at, t.applied_at
      FROM task_documents AS t
      WHERE t.teacher_id = @ef_filter__CurrentTeacherId AND t.subject_term_id = @subjectTermId
      ORDER BY t.uploaded_at DESC
info: Microsoft.EntityFrameworkCore.Database.Command[20101]
      Executed DbCommand (1ms) [Parameters=[@ef_filter__CurrentTeacherId='?' (DbType = Int32), @subjectTerm_SubjectId='?' (DbType = Int32), @subjectTerm_Id='?' (DbType = Int32)], CommandType='Text', CommandTimeout='30']
      SELECT s.id, s.disk_root_path, s.general_requirements, s.study_semester, s.subject_id, s.teacher_id, s.term_id, t.id, t.academic_year, t.credit_week_start, t.season, t.session_start
      FROM subject_terms AS s
      INNER JOIN terms AS t ON s.term_id = t.id
      WHERE s.teacher_id = @ef_filter__CurrentTeacherId AND s.subject_id = @subjectTerm_SubjectId AND s.id <> @subjectTerm_Id
      ORDER BY s.id, t.id
info: Microsoft.EntityFrameworkCore.Database.Command[20101]
      Executed DbCommand (0ms) [Parameters=[@ef_filter__CurrentTeacherId='?' (DbType = Int32)], CommandType='Text', CommandTimeout='30']
      SELECT m.address AS "Address", m.last_check_ok AS "LastCheckOk"
      FROM mail_connections AS m
      WHERE m.teacher_id = @ef_filter__CurrentTeacherId
      LIMIT 1
info: Microsoft.EntityFrameworkCore.Database.Command[20101]
      Executed DbCommand (1ms) [Parameters=[@ef_filter__CurrentTeacherId='?' (DbType = Int32), @Id='?' (DbType = Int32)], CommandType='Text', CommandTimeout='30']
      SELECT a.id, a.ai_check_enabled, a.deadline_override, a.kind, a.number, a.subject_term_id, a.task_text, a.teacher_id, a.title, a.checklist
      FROM assignments AS a
      WHERE a.teacher_id = @ef_filter__CurrentTeacherId AND a.id = @Id
      LIMIT 2
info: Microsoft.EntityFrameworkCore.Database.Command[20101]
      Executed DbCommand (1ms) [Parameters=[@ef_filter__CurrentTeacherId='?' (DbType = Int32), @work_SubjectTermId='?' (DbType = Int32)], CommandType='Text', CommandTimeout='30']
      SELECT s.id, s.disk_root_path, s.general_requirements, s.study_semester, s.subject_id, s.teacher_id, s.term_id, s1.id, s1.ai_reference_text, s1.code, s1.disk_path_template, s1.final_assessment, s1.is_active, s1.name, s1.teacher_id, s1.aliases, t.id, t.academic_year, t.credit_week_start, t.season, t.session_start
      FROM subject_terms AS s
      INNER JOIN (
          SELECT s0.id, s0.ai_reference_text, s0.code, s0.disk_path_template, s0.final_assessment, s0.is_active, s0.name, s0.teacher_id, s0.aliases
          FROM subjects AS s0
          WHERE s0.teacher_id = @ef_filter__CurrentTeacherId
      ) AS s1 ON s.subject_id = s1.id
      INNER JOIN terms AS t ON s.term_id = t.id
      WHERE s.teacher_id = @ef_filter__CurrentTeacherId AND s.id = @work_SubjectTermId
      ORDER BY s.id, s1.id, t.id
      LIMIT 2
info: Microsoft.EntityFrameworkCore.Database.Command[20101]
      Executed DbCommand (1ms) [Parameters=[@ef_filter__CurrentTeacherId='?' (DbType = Int32), @work_SubjectTermId='?' (DbType = Int32)], CommandType='Text', CommandTimeout='30']
      SELECT a0.id, a0.ai_check_enabled, a0.deadline_override, a0.kind, a0.number, a0.subject_term_id, a0.task_text, a0.teacher_id, a0.title, a0.checklist, s2.id, s2.id0, s2.id1
      FROM (
          SELECT s.id, s1.id AS id0, t.id AS id1
          FROM subject_terms AS s
          INNER JOIN (
              SELECT s0.id
              FROM subjects AS s0
              WHERE s0.teacher_id = @ef_filter__CurrentTeacherId
          ) AS s1 ON s.subject_id = s1.id
          INNER JOIN terms AS t ON s.term_id = t.id
          WHERE s.teacher_id = @ef_filter__CurrentTeacherId AND s.id = @work_SubjectTermId
          ORDER BY s.id, s1.id, t.id
          LIMIT 1
      ) AS s2
      INNER JOIN (
          SELECT a.id, a.ai_check_enabled, a.deadline_override, a.kind, a.number, a.subject_term_id, a.task_text, a.teacher_id, a.title, a.checklist
          FROM assignments AS a
          WHERE a.teacher_id = @ef_filter__CurrentTeacherId
      ) AS a0 ON s2.id = a0.subject_term_id
      ORDER BY s2.id, s2.id0, s2.id1
info: Microsoft.EntityFrameworkCore.Database.Command[20101]
      Executed DbCommand (1ms) [Parameters=[@ef_filter__CurrentTeacherId='?' (DbType = Int32)], CommandType='Text', CommandTimeout='30']
      SELECT m.address AS "Address", m.last_check_ok AS "LastCheckOk"
      FROM mail_connections AS m
      WHERE m.teacher_id = @ef_filter__CurrentTeacherId
      LIMIT 1
info: Microsoft.EntityFrameworkCore.Database.Command[20101]
      Executed DbCommand (2ms) [Parameters=[@ef_filter__CurrentTeacherId='?' (DbType = Int32), @Id='?' (DbType = Int32)], CommandType='Text', CommandTimeout='30']
      SELECT s.id, s.disk_root_path, s.general_requirements, s.study_semester, s.subject_id, s.teacher_id, s.term_id, s1.id, s1.ai_reference_text, s1.code, s1.disk_path_template, s1.final_assessment, s1.is_active, s1.name, s1.teacher_id, s1.aliases, t.id, t.academic_year, t.credit_week_start, t.season, t.session_start
      FROM subject_terms AS s
      INNER JOIN (
          SELECT s0.id, s0.ai_reference_text, s0.code, s0.disk_path_template, s0.final_assessment, s0.is_active, s0.name, s0.teacher_id, s0.aliases
          FROM subjects AS s0
          WHERE s0.teacher_id = @ef_filter__CurrentTeacherId
      ) AS s1 ON s.subject_id = s1.id
      INNER JOIN terms AS t ON s.term_id = t.id
      WHERE s.teacher_id = @ef_filter__CurrentTeacherId AND s.id = @Id
      ORDER BY s.id, s1.id, t.id
      LIMIT 2
info: Microsoft.EntityFrameworkCore.Database.Command[20101]
      Executed DbCommand (1ms) [Parameters=[@ef_filter__CurrentTeacherId='?' (DbType = Int32), @Id='?' (DbType = Int32)], CommandType='Text', CommandTimeout='30']
      SELECT s5.group_id, s5.subject_term_id, s5.id, s5.admission_year, s5.direction, s5.name, s5.name_key, s4.id, s4.id0, s4.id1
      FROM (
          SELECT s.id, s1.id AS id0, t.id AS id1
          FROM subject_terms AS s
          INNER JOIN (
              SELECT s0.id
              FROM subjects AS s0
              WHERE s0.teacher_id = @ef_filter__CurrentTeacherId
          ) AS s1 ON s.subject_id = s1.id
          INNER JOIN terms AS t ON s.term_id = t.id
          WHERE s.teacher_id = @ef_filter__CurrentTeacherId AND s.id = @Id
          ORDER BY s.id, s1.id, t.id
          LIMIT 1
      ) AS s4
      INNER JOIN (
          SELECT s2.group_id, s2.subject_term_id, g.id, g.admission_year, g.direction, g.name, g.name_key
          FROM subject_term_groups AS s2
          INNER JOIN groups AS g ON s2.group_id = g.id
      ) AS s5 ON s4.id = s5.subject_term_id
      ORDER BY s4.id, s4.id0, s4.id1, s5.group_id, s5.subject_term_id, s5.id
info: Microsoft.EntityFrameworkCore.Database.Command[20101]
      Executed DbCommand (4ms) [Parameters=[@ef_filter__CurrentTeacherId='?' (DbType = Int32), @Id='?' (DbType = Int32)], CommandType='Text', CommandTimeout='30']
      SELECT s3.id, s3.first_name, s3.group_id, s3.is_active, s3.last_name, s3.middle_name, s4.id, s4.id0, s4.id1, s5.group_id, s5.subject_term_id, s5.id
      FROM (
          SELECT s.id, s1.id AS id0, t.id AS id1
          FROM subject_terms AS s
          INNER JOIN (
              SELECT s0.id
              FROM subjects AS s0
              WHERE s0.teacher_id = @ef_filter__CurrentTeacherId
          ) AS s1 ON s.subject_id = s1.id
          INNER JOIN terms AS t ON s.term_id = t.id
          WHERE s.teacher_id = @ef_filter__CurrentTeacherId AND s.id = @Id
          ORDER BY s.id, s1.id, t.id
          LIMIT 1
      ) AS s4
      INNER JOIN (
          SELECT s2.group_id, s2.subject_term_id, g.id
          FROM subject_term_groups AS s2
          INNER JOIN groups AS g ON s2.group_id = g.id
      ) AS s5 ON s4.id = s5.subject_term_id
      INNER JOIN students AS s3 ON s5.id = s3.group_id
      ORDER BY s4.id, s4.id0, s4.id1, s5.group_id, s5.subject_term_id, s5.id
info: Microsoft.EntityFrameworkCore.Database.Command[20101]
      Executed DbCommand (3ms) [Parameters=[@ef_filter__CurrentTeacherId='?' (DbType = Int32), @Id='?' (DbType = Int32)], CommandType='Text', CommandTimeout='30']
      SELECT a0.id, a0.ai_check_enabled, a0.deadline_override, a0.kind, a0.number, a0.subject_term_id, a0.task_text, a0.teacher_id, a0.title, a0.checklist, s6.id, s6.id0, s6.id1
      FROM (
          SELECT s.id, s1.id AS id0, t.id AS id1
          FROM subject_terms AS s
          INNER JOIN (
              SELECT s0.id
              FROM subjects AS s0
              WHERE s0.teacher_id = @ef_filter__CurrentTeacherId
          ) AS s1 ON s.subject_id = s1.id
          INNER JOIN terms AS t ON s.term_id = t.id
          WHERE s.teacher_id = @ef_filter__CurrentTeacherId AND s.id = @Id
          ORDER BY s.id, s1.id, t.id
          LIMIT 1
      ) AS s6
      INNER JOIN (
          SELECT a.id, a.ai_check_enabled, a.deadline_override, a.kind, a.number, a.subject_term_id, a.task_text, a.teacher_id, a.title, a.checklist
          FROM assignments AS a
          WHERE a.teacher_id = @ef_filter__CurrentTeacherId
      ) AS a0 ON s6.id = a0.subject_term_id
      ORDER BY s6.id, s6.id0, s6.id1
info: Microsoft.EntityFrameworkCore.Database.Command[20101]
      Executed DbCommand (3ms) [Parameters=[@ef_filter__CurrentTeacherId='?' (DbType = Int32), @Id='?' (DbType = Int32)], CommandType='Text', CommandTimeout='30']
      SELECT c0.id, c0.student_id, c0.subject_term_id, c0.teacher_id, c0.topic, s7.id, s7.id0, s7.id1
      FROM (
          SELECT s.id, s1.id AS id0, t.id AS id1
          FROM subject_terms AS s
          INNER JOIN (
              SELECT s0.id
              FROM subjects AS s0
              WHERE s0.teacher_id = @ef_filter__CurrentTeacherId
          ) AS s1 ON s.subject_id = s1.id
          INNER JOIN terms AS t ON s.term_id = t.id
          WHERE s.teacher_id = @ef_filter__CurrentTeacherId AND s.id = @Id
          ORDER BY s.id, s1.id, t.id
          LIMIT 1
      ) AS s7
      INNER JOIN (
          SELECT c.id, c.student_id, c.subject_term_id, c.teacher_id, c.topic
          FROM coursework_topics AS c
          WHERE c.teacher_id = @ef_filter__CurrentTeacherId
      ) AS c0 ON s7.id = c0.subject_term_id
      ORDER BY s7.id, s7.id0, s7.id1
info: Microsoft.EntityFrameworkCore.Database.Command[20101]
      Executed DbCommand (1ms) [Parameters=[], CommandType='Text', CommandTimeout='30']
      SELECT g.id, g.admission_year, g.direction, g.name, g.name_key, s.id, s.first_name, s.group_id, s.is_active, s.last_name, s.middle_name
      FROM groups AS g
      LEFT JOIN students AS s ON g.id = s.group_id
      ORDER BY g.id
info: Microsoft.EntityFrameworkCore.Database.Command[20101]
      Executed DbCommand (1ms) [Parameters=[@ef_filter__CurrentTeacherId='?' (DbType = Int32), @subjectTermId='?' (DbType = Int32)], CommandType='Text', CommandTimeout='30']
      SELECT t.id, t.kind, t.file_name, t.size, t.uploaded_at, t.applied_at
      FROM task_documents AS t
      WHERE t.teacher_id = @ef_filter__CurrentTeacherId AND t.subject_term_id = @subjectTermId
      ORDER BY t.uploaded_at DESC
info: Microsoft.EntityFrameworkCore.Database.Command[20101]
      Executed DbCommand (2ms) [Parameters=[@ef_filter__CurrentTeacherId='?' (DbType = Int32), @subjectTerm_SubjectId='?' (DbType = Int32), @subjectTerm_Id='?' (DbType = Int32)], CommandType='Text', CommandTimeout='30']
      SELECT s.id, s.disk_root_path, s.general_requirements, s.study_semester, s.subject_id, s.teacher_id, s.term_id, t.id, t.academic_year, t.credit_week_start, t.season, t.session_start
      FROM subject_terms AS s
      INNER JOIN terms AS t ON s.term_id = t.id
      WHERE s.teacher_id = @ef_filter__CurrentTeacherId AND s.subject_id = @subjectTerm_SubjectId AND s.id <> @subjectTerm_Id
      ORDER BY s.id, t.id
info: Microsoft.EntityFrameworkCore.Database.Command[20101]
      Executed DbCommand (1ms) [Parameters=[@ef_filter__CurrentTeacherId='?' (DbType = Int32)], CommandType='Text', CommandTimeout='30']
      SELECT m.address AS "Address", m.last_check_ok AS "LastCheckOk"
      FROM mail_connections AS m
      WHERE m.teacher_id = @ef_filter__CurrentTeacherId
      LIMIT 1
info: Microsoft.EntityFrameworkCore.Database.Command[20101]
      Executed DbCommand (2ms) [Parameters=[@ef_filter__CurrentTeacherId='?' (DbType = Int32)], CommandType='Text', CommandTimeout='30']
      SELECT s.id, s.ai_reference_text, s.code, s.disk_path_template, s.final_assessment, s.is_active, s.name, s.teacher_id, s.aliases
      FROM subjects AS s
      WHERE s.teacher_id = @ef_filter__CurrentTeacherId
info: Microsoft.EntityFrameworkCore.Database.Command[20101]
      Executed DbCommand (1ms) [Parameters=[@ef_filter__CurrentTeacherId='?' (DbType = Int32), @Current_Id='?' (DbType = Int32)], CommandType='Text', CommandTimeout='30']
      SELECT s.id, s.disk_root_path, s.general_requirements, s.study_semester, s.subject_id, s.teacher_id, s.term_id, t.id, t.academic_year, t.credit_week_start, t.season, t.session_start
      FROM subject_terms AS s
      INNER JOIN terms AS t ON s.term_id = t.id
      WHERE s.teacher_id = @ef_filter__CurrentTeacherId AND s.subject_id = @Current_Id
      ORDER BY s.id, t.id
info: Microsoft.EntityFrameworkCore.Database.Command[20101]
      Executed DbCommand (1ms) [Parameters=[@ef_filter__CurrentTeacherId='?' (DbType = Int32), @Current_Id='?' (DbType = Int32)], CommandType='Text', CommandTimeout='30']
      SELECT s1.id, s1.admission_year, s1.direction, s1.name, s1.name_key, s.id, t.id
      FROM subject_terms AS s
      INNER JOIN terms AS t ON s.term_id = t.id
      INNER JOIN (
          SELECT g.id, g.admission_year, g.direction, g.name, g.name_key, s0.subject_term_id
          FROM subject_term_groups AS s0
          INNER JOIN groups AS g ON s0.group_id = g.id
      ) AS s1 ON s.id = s1.subject_term_id
      WHERE s.teacher_id = @ef_filter__CurrentTeacherId AND s.subject_id = @Current_Id
      ORDER BY s.id, t.id
info: Microsoft.EntityFrameworkCore.Database.Command[20101]
      Executed DbCommand (1ms) [Parameters=[@ef_filter__CurrentTeacherId='?' (DbType = Int32), @Current_Id='?' (DbType = Int32)], CommandType='Text', CommandTimeout='30']
      SELECT a0.id, a0.ai_check_enabled, a0.deadline_override, a0.kind, a0.number, a0.subject_term_id, a0.task_text, a0.teacher_id, a0.title, a0.checklist, s.id, t.id
      FROM subject_terms AS s
      INNER JOIN terms AS t ON s.term_id = t.id
      INNER JOIN (
          SELECT a.id, a.ai_check_enabled, a.deadline_override, a.kind, a.number, a.subject_term_id, a.task_text, a.teacher_id, a.title, a.checklist
          FROM assignments AS a
          WHERE a.teacher_id = @ef_filter__CurrentTeacherId
      ) AS a0 ON s.id = a0.subject_term_id
      WHERE s.teacher_id = @ef_filter__CurrentTeacherId AND s.subject_id = @Current_Id
      ORDER BY s.id, t.id
info: Microsoft.EntityFrameworkCore.Database.Command[20101]
      Executed DbCommand (0ms) [Parameters=[], CommandType='Text', CommandTimeout='30']
      SELECT t.id, t.academic_year, t.credit_week_start, t.season, t.session_start
      FROM terms AS t
info: Microsoft.EntityFrameworkCore.Database.Command[20101]
      Executed DbCommand (0ms) [Parameters=[], CommandType='Text', CommandTimeout='30']
      SELECT g.id, g.admission_year, g.direction, g.name, g.name_key
      FROM groups AS g
info: Microsoft.EntityFrameworkCore.Database.Command[20101]
      Executed DbCommand (0ms) [Parameters=[@ef_filter__CurrentTeacherId='?' (DbType = Int32)], CommandType='Text', CommandTimeout='30']
      SELECT m.address AS "Address", m.last_check_ok AS "LastCheckOk"
      FROM mail_connections AS m
      WHERE m.teacher_id = @ef_filter__CurrentTeacherId
      LIMIT 1
info: Microsoft.EntityFrameworkCore.Database.Command[20101]
      Executed DbCommand (1ms) [Parameters=[@ef_filter__CurrentTeacherId='?' (DbType = Int32)], CommandType='Text', CommandTimeout='30']
      SELECT m.id, m.address, m.imap_host, m.imap_last_uid, m.imap_port, m.imap_security, m.imap_uid_validity, m.last_check_at, m.last_check_message, m.last_check_ok, m.login, m.password_protected, m.poll_enabled, m.poll_interval_minutes, m.read_since, m.smtp_host, m.smtp_port, m.smtp_security, m.teacher_id
      FROM mail_connections AS m
      WHERE m.teacher_id = @ef_filter__CurrentTeacherId
      LIMIT 2
info: Microsoft.EntityFrameworkCore.Database.Command[20101]
      Executed DbCommand (0ms) [Parameters=[], CommandType='Text', CommandTimeout='30']
      SELECT t.id, t.academic_year, t.credit_week_start, t.season, t.session_start
      FROM terms AS t
info: Microsoft.EntityFrameworkCore.Database.Command[20101]
      Executed DbCommand (1ms) [Parameters=[@ef_filter__CurrentTeacherId='?' (DbType = Int32)], CommandType='Text', CommandTimeout='30']
      SELECT m.address AS "Address", m.last_check_ok AS "LastCheckOk"
      FROM mail_connections AS m
      WHERE m.teacher_id = @ef_filter__CurrentTeacherId
      LIMIT 1
info: Microsoft.EntityFrameworkCore.Database.Command[20101]
      Executed DbCommand (1ms) [Parameters=[@ef_filter__CurrentTeacherId='?' (DbType = Int32)], CommandType='Text', CommandTimeout='30']
      SELECT m.id, m.address, m.imap_host, m.imap_last_uid, m.imap_port, m.imap_security, m.imap_uid_validity, m.last_check_at, m.last_check_message, m.last_check_ok, m.login, m.password_protected, m.poll_enabled, m.poll_interval_minutes, m.read_since, m.smtp_host, m.smtp_port, m.smtp_security, m.teacher_id
      FROM mail_connections AS m
      WHERE m.teacher_id = @ef_filter__CurrentTeacherId
      LIMIT 2
info: Microsoft.EntityFrameworkCore.Database.Command[20101]
      Executed DbCommand (2ms) [Parameters=[@p0='?', @p1='?', @p2='?' (DbType = Int64), @p3='?' (DbType = Int32), @p4='?', @p5='?' (DbType = Int64), @p6='?' (DbType = DateTime), @p7='?', @p8='?' (DbType = Boolean), @p9='?', @p10='?', @p11='?' (DbType = Boolean), @p12='?' (DbType = Int32), @p13='?' (DbType = Date), @p14='?', @p15='?' (DbType = Int32), @p16='?', @p17='?' (DbType = Int32)], CommandType='Text', CommandTimeout='30']
      INSERT INTO mail_connections (address, imap_host, imap_last_uid, imap_port, imap_security, imap_uid_validity, last_check_at, last_check_message, last_check_ok, login, password_protected, poll_enabled, poll_interval_minutes, read_since, smtp_host, smtp_port, smtp_security, teacher_id)
      VALUES (@p0, @p1, @p2, @p3, @p4, @p5, @p6, @p7, @p8, @p9, @p10, @p11, @p12, @p13, @p14, @p15, @p16, @p17)
      RETURNING id;
info: Microsoft.EntityFrameworkCore.Database.Command[20101]
      Executed DbCommand (1ms) [Parameters=[@p3='?' (DbType = Int32), @p0='?' (DbType = DateTime), @p1='?', @p2='?' (DbType = Boolean)], CommandType='Text', CommandTimeout='30']
      UPDATE mail_connections SET last_check_at = @p0, last_check_message = @p1, last_check_ok = @p2
      WHERE id = @p3;
info: Microsoft.EntityFrameworkCore.Database.Command[20101]
      Executed DbCommand (0ms) [Parameters=[@ef_filter__CurrentTeacherId='?' (DbType = Int32)], CommandType='Text', CommandTimeout='30']
      SELECT m.id, m.address, m.imap_host, m.imap_last_uid, m.imap_port, m.imap_security, m.imap_uid_validity, m.last_check_at, m.last_check_message, m.last_check_ok, m.login, m.password_protected, m.poll_enabled, m.poll_interval_minutes, m.read_since, m.smtp_host, m.smtp_port, m.smtp_security, m.teacher_id
      FROM mail_connections AS m
      WHERE m.teacher_id = @ef_filter__CurrentTeacherId
      LIMIT 2
info: Microsoft.EntityFrameworkCore.Database.Command[20101]
      Executed DbCommand (0ms) [Parameters=[@ef_filter__CurrentTeacherId='?' (DbType = Int32)], CommandType='Text', CommandTimeout='30']
      SELECT m.address AS "Address", m.last_check_ok AS "LastCheckOk"
      FROM mail_connections AS m
      WHERE m.teacher_id = @ef_filter__CurrentTeacherId
      LIMIT 1
info: Microsoft.EntityFrameworkCore.Database.Command[20101]
      Executed DbCommand (1ms) [Parameters=[@ef_filter__CurrentTeacherId='?' (DbType = Int32)], CommandType='Text', CommandTimeout='30']
      SELECT s.id, s.disk_root_path, s.general_requirements, s.study_semester, s.subject_id, s.teacher_id, s.term_id, s1.id, s1.ai_reference_text, s1.code, s1.disk_path_template, s1.final_assessment, s1.is_active, s1.name, s1.teacher_id, s1.aliases, t.id, t.academic_year, t.credit_week_start, t.season, t.session_start
      FROM subject_terms AS s
      INNER JOIN (
          SELECT s0.id, s0.ai_reference_text, s0.code, s0.disk_path_template, s0.final_assessment, s0.is_active, s0.name, s0.teacher_id, s0.aliases
          FROM subjects AS s0
          WHERE s0.teacher_id = @ef_filter__CurrentTeacherId
      ) AS s1 ON s.subject_id = s1.id
      INNER JOIN terms AS t ON s.term_id = t.id
      WHERE s.teacher_id = @ef_filter__CurrentTeacherId
      ORDER BY s.id, s1.id, t.id
info: Microsoft.EntityFrameworkCore.Database.Command[20101]
      Executed DbCommand (1ms) [Parameters=[@ef_filter__CurrentTeacherId='?' (DbType = Int32)], CommandType='Text', CommandTimeout='30']
      SELECT s3.id, s3.admission_year, s3.direction, s3.name, s3.name_key, s.id, s1.id, t.id
      FROM subject_terms AS s
      INNER JOIN (
          SELECT s0.id
          FROM subjects AS s0
          WHERE s0.teacher_id = @ef_filter__CurrentTeacherId
      ) AS s1 ON s.subject_id = s1.id
      INNER JOIN terms AS t ON s.term_id = t.id
      INNER JOIN (
          SELECT g.id, g.admission_year, g.direction, g.name, g.name_key, s2.subject_term_id
          FROM subject_term_groups AS s2
          INNER JOIN groups AS g ON s2.group_id = g.id
      ) AS s3 ON s.id = s3.subject_term_id
      WHERE s.teacher_id = @ef_filter__CurrentTeacherId
      ORDER BY s.id, s1.id, t.id
info: Microsoft.EntityFrameworkCore.Database.Command[20101]
      Executed DbCommand (1ms) [Parameters=[@ef_filter__CurrentTeacherId='?' (DbType = Int32), @picked_Id='?' (DbType = Int32)], CommandType='Text', CommandTimeout='30']
      SELECT s.id, s.disk_root_path, s.general_requirements, s.study_semester, s.subject_id, s.teacher_id, s.term_id, s1.id, s1.ai_reference_text, s1.code, s1.disk_path_template, s1.final_assessment, s1.is_active, s1.name, s1.teacher_id, s1.aliases, t.id, t.academic_year, t.credit_week_start, t.season, t.session_start
      FROM subject_terms AS s
      INNER JOIN (
          SELECT s0.id, s0.ai_reference_text, s0.code, s0.disk_path_template, s0.final_assessment, s0.is_active, s0.name, s0.teacher_id, s0.aliases
          FROM subjects AS s0
          WHERE s0.teacher_id = @ef_filter__CurrentTeacherId
      ) AS s1 ON s.subject_id = s1.id
      INNER JOIN terms AS t ON s.term_id = t.id
      WHERE s.teacher_id = @ef_filter__CurrentTeacherId AND s.id = @picked_Id
      ORDER BY s.id, s1.id, t.id
      LIMIT 2
info: Microsoft.EntityFrameworkCore.Database.Command[20101]
      Executed DbCommand (1ms) [Parameters=[@ef_filter__CurrentTeacherId='?' (DbType = Int32), @picked_Id='?' (DbType = Int32)], CommandType='Text', CommandTimeout='30']
      SELECT s4.id, s4.admission_year, s4.direction, s4.name, s4.name_key, s3.id, s3.id0, s3.id1
      FROM (
          SELECT s.id, s1.id AS id0, t.id AS id1
          FROM subject_terms AS s
          INNER JOIN (
              SELECT s0.id
              FROM subjects AS s0
              WHERE s0.teacher_id = @ef_filter__CurrentTeacherId
          ) AS s1 ON s.subject_id = s1.id
          INNER JOIN terms AS t ON s.term_id = t.id
          WHERE s.teacher_id = @ef_filter__CurrentTeacherId AND s.id = @picked_Id
          ORDER BY s.id, s1.id, t.id
          LIMIT 1
      ) AS s3
      INNER JOIN (
          SELECT g.id, g.admission_year, g.direction, g.name, g.name_key, s2.subject_term_id
          FROM subject_term_groups AS s2
          INNER JOIN groups AS g ON s2.group_id = g.id
      ) AS s4 ON s3.id = s4.subject_term_id
      ORDER BY s3.id, s3.id0, s3.id1
info: Microsoft.EntityFrameworkCore.Database.Command[20101]
      Executed DbCommand (1ms) [Parameters=[@ef_filter__CurrentTeacherId='?' (DbType = Int32), @picked_Id='?' (DbType = Int32)], CommandType='Text', CommandTimeout='30']
      SELECT a0.id, a0.ai_check_enabled, a0.deadline_override, a0.kind, a0.number, a0.subject_term_id, a0.task_text, a0.teacher_id, a0.title, a0.checklist, s5.id, s5.id0, s5.id1
      FROM (
          SELECT s.id, s1.id AS id0, t.id AS id1
          FROM subject_terms AS s
          INNER JOIN (
              SELECT s0.id
              FROM subjects AS s0
              WHERE s0.teacher_id = @ef_filter__CurrentTeacherId
          ) AS s1 ON s.subject_id = s1.id
          INNER JOIN terms AS t ON s.term_id = t.id
          WHERE s.teacher_id = @ef_filter__CurrentTeacherId AND s.id = @picked_Id
          ORDER BY s.id, s1.id, t.id
          LIMIT 1
      ) AS s5
      INNER JOIN (
          SELECT a.id, a.ai_check_enabled, a.deadline_override, a.kind, a.number, a.subject_term_id, a.task_text, a.teacher_id, a.title, a.checklist
          FROM assignments AS a
          WHERE a.teacher_id = @ef_filter__CurrentTeacherId
      ) AS a0 ON s5.id = a0.subject_term_id
      ORDER BY s5.id, s5.id0, s5.id1
info: Microsoft.EntityFrameworkCore.Database.Command[20101]
      Executed DbCommand (1ms) [Parameters=[@ef_filter__CurrentTeacherId='?' (DbType = Int32), @picked_Id='?' (DbType = Int32)], CommandType='Text', CommandTimeout='30']
      SELECT c0.id, c0.student_id, c0.subject_term_id, c0.teacher_id, c0.topic, s6.id, s6.id0, s6.id1
      FROM (
          SELECT s.id, s1.id AS id0, t.id AS id1
          FROM subject_terms AS s
          INNER JOIN (
              SELECT s0.id
              FROM subjects AS s0
              WHERE s0.teacher_id = @ef_filter__CurrentTeacherId
          ) AS s1 ON s.subject_id = s1.id
          INNER JOIN terms AS t ON s.term_id = t.id
          WHERE s.teacher_id = @ef_filter__CurrentTeacherId AND s.id = @picked_Id
          ORDER BY s.id, s1.id, t.id
          LIMIT 1
      ) AS s6
      INNER JOIN (
          SELECT c.id, c.student_id, c.subject_term_id, c.teacher_id, c.topic
          FROM coursework_topics AS c
          WHERE c.teacher_id = @ef_filter__CurrentTeacherId
      ) AS c0 ON s6.id = c0.subject_term_id
      ORDER BY s6.id, s6.id0, s6.id1
info: Microsoft.EntityFrameworkCore.Database.Command[20101]
      Executed DbCommand (0ms) [Parameters=[@Group_Id='?' (DbType = Int32)], CommandType='Text', CommandTimeout='30']
      SELECT s.id, s.first_name, s.group_id, s.is_active, s.last_name, s.middle_name
      FROM students AS s
      WHERE s.group_id = @Group_Id AND s.is_active
info: Microsoft.EntityFrameworkCore.Database.Command[20101]
      Executed DbCommand (0ms) [Parameters=[@ef_filter__CurrentTeacherId='?' (DbType = Int32)], CommandType='Text', CommandTimeout='30']
      SELECT m.address AS "Address", m.last_check_ok AS "LastCheckOk"
      FROM mail_connections AS m
      WHERE m.teacher_id = @ef_filter__CurrentTeacherId
      LIMIT 1
info: Microsoft.EntityFrameworkCore.Database.Command[20101]
      Executed DbCommand (3ms) [Parameters=[@ef_filter__CurrentTeacherId='?' (DbType = Int32)], CommandType='Text', CommandTimeout='30']
      SELECT s.id, s.disk_root_path, s.general_requirements, s.study_semester, s.subject_id, s.teacher_id, s.term_id, s1.id, s1.ai_reference_text, s1.code, s1.disk_path_template, s1.final_assessment, s1.is_active, s1.name, s1.teacher_id, s1.aliases, t.id, t.academic_year, t.credit_week_start, t.season, t.session_start
      FROM subject_terms AS s
      INNER JOIN (
          SELECT s0.id, s0.ai_reference_text, s0.code, s0.disk_path_template, s0.final_assessment, s0.is_active, s0.name, s0.teacher_id, s0.aliases
          FROM subjects AS s0
          WHERE s0.teacher_id = @ef_filter__CurrentTeacherId
      ) AS s1 ON s.subject_id = s1.id
      INNER JOIN terms AS t ON s.term_id = t.id
      WHERE s.teacher_id = @ef_filter__CurrentTeacherId
      ORDER BY s.id, s1.id, t.id
info: Microsoft.EntityFrameworkCore.Database.Command[20101]
      Executed DbCommand (1ms) [Parameters=[@ef_filter__CurrentTeacherId='?' (DbType = Int32)], CommandType='Text', CommandTimeout='30']
      SELECT s3.id, s3.admission_year, s3.direction, s3.name, s3.name_key, s.id, s1.id, t.id
      FROM subject_terms AS s
      INNER JOIN (
          SELECT s0.id
          FROM subjects AS s0
          WHERE s0.teacher_id = @ef_filter__CurrentTeacherId
      ) AS s1 ON s.subject_id = s1.id
      INNER JOIN terms AS t ON s.term_id = t.id
      INNER JOIN (
          SELECT g.id, g.admission_year, g.direction, g.name, g.name_key, s2.subject_term_id
          FROM subject_term_groups AS s2
          INNER JOIN groups AS g ON s2.group_id = g.id
      ) AS s3 ON s.id = s3.subject_term_id
      WHERE s.teacher_id = @ef_filter__CurrentTeacherId
      ORDER BY s.id, s1.id, t.id
info: Microsoft.EntityFrameworkCore.Database.Command[20101]
      Executed DbCommand (2ms) [Parameters=[@ef_filter__CurrentTeacherId='?' (DbType = Int32), @picked_Id='?' (DbType = Int32)], CommandType='Text', CommandTimeout='30']
      SELECT s.id, s.disk_root_path, s.general_requirements, s.study_semester, s.subject_id, s.teacher_id, s.term_id, s1.id, s1.ai_reference_text, s1.code, s1.disk_path_template, s1.final_assessment, s1.is_active, s1.name, s1.teacher_id, s1.aliases, t.id, t.academic_year, t.credit_week_start, t.season, t.session_start
      FROM subject_terms AS s
      INNER JOIN (
          SELECT s0.id, s0.ai_reference_text, s0.code, s0.disk_path_template, s0.final_assessment, s0.is_active, s0.name, s0.teacher_id, s0.aliases
          FROM subjects AS s0
          WHERE s0.teacher_id = @ef_filter__CurrentTeacherId
      ) AS s1 ON s.subject_id = s1.id
      INNER JOIN terms AS t ON s.term_id = t.id
      WHERE s.teacher_id = @ef_filter__CurrentTeacherId AND s.id = @picked_Id
      ORDER BY s.id, s1.id, t.id
      LIMIT 2
info: Microsoft.EntityFrameworkCore.Database.Command[20101]
      Executed DbCommand (1ms) [Parameters=[@ef_filter__CurrentTeacherId='?' (DbType = Int32), @picked_Id='?' (DbType = Int32)], CommandType='Text', CommandTimeout='30']
      SELECT s4.id, s4.admission_year, s4.direction, s4.name, s4.name_key, s3.id, s3.id0, s3.id1
      FROM (
          SELECT s.id, s1.id AS id0, t.id AS id1
          FROM subject_terms AS s
          INNER JOIN (
              SELECT s0.id
              FROM subjects AS s0
              WHERE s0.teacher_id = @ef_filter__CurrentTeacherId
          ) AS s1 ON s.subject_id = s1.id
          INNER JOIN terms AS t ON s.term_id = t.id
          WHERE s.teacher_id = @ef_filter__CurrentTeacherId AND s.id = @picked_Id
          ORDER BY s.id, s1.id, t.id
          LIMIT 1
      ) AS s3
      INNER JOIN (
          SELECT g.id, g.admission_year, g.direction, g.name, g.name_key, s2.subject_term_id
          FROM subject_term_groups AS s2
          INNER JOIN groups AS g ON s2.group_id = g.id
      ) AS s4 ON s3.id = s4.subject_term_id
      ORDER BY s3.id, s3.id0, s3.id1
info: Microsoft.EntityFrameworkCore.Database.Command[20101]
      Executed DbCommand (1ms) [Parameters=[@ef_filter__CurrentTeacherId='?' (DbType = Int32), @picked_Id='?' (DbType = Int32)], CommandType='Text', CommandTimeout='30']
      SELECT a0.id, a0.ai_check_enabled, a0.deadline_override, a0.kind, a0.number, a0.subject_term_id, a0.task_text, a0.teacher_id, a0.title, a0.checklist, s5.id, s5.id0, s5.id1
      FROM (
          SELECT s.id, s1.id AS id0, t.id AS id1
          FROM subject_terms AS s
          INNER JOIN (
              SELECT s0.id
              FROM subjects AS s0
              WHERE s0.teacher_id = @ef_filter__CurrentTeacherId
          ) AS s1 ON s.subject_id = s1.id
          INNER JOIN terms AS t ON s.term_id = t.id
          WHERE s.teacher_id = @ef_filter__CurrentTeacherId AND s.id = @picked_Id
          ORDER BY s.id, s1.id, t.id
          LIMIT 1
      ) AS s5
      INNER JOIN (
          SELECT a.id, a.ai_check_enabled, a.deadline_override, a.kind, a.number, a.subject_term_id, a.task_text, a.teacher_id, a.title, a.checklist
          FROM assignments AS a
          WHERE a.teacher_id = @ef_filter__CurrentTeacherId
      ) AS a0 ON s5.id = a0.subject_term_id
      ORDER BY s5.id, s5.id0, s5.id1
info: Microsoft.EntityFrameworkCore.Database.Command[20101]
      Executed DbCommand (1ms) [Parameters=[@ef_filter__CurrentTeacherId='?' (DbType = Int32), @picked_Id='?' (DbType = Int32)], CommandType='Text', CommandTimeout='30']
      SELECT c0.id, c0.student_id, c0.subject_term_id, c0.teacher_id, c0.topic, s6.id, s6.id0, s6.id1
      FROM (
          SELECT s.id, s1.id AS id0, t.id AS id1
          FROM subject_terms AS s
          INNER JOIN (
              SELECT s0.id
              FROM subjects AS s0
              WHERE s0.teacher_id = @ef_filter__CurrentTeacherId
          ) AS s1 ON s.subject_id = s1.id
          INNER JOIN terms AS t ON s.term_id = t.id
          WHERE s.teacher_id = @ef_filter__CurrentTeacherId AND s.id = @picked_Id
          ORDER BY s.id, s1.id, t.id
          LIMIT 1
      ) AS s6
      INNER JOIN (
          SELECT c.id, c.student_id, c.subject_term_id, c.teacher_id, c.topic
          FROM coursework_topics AS c
          WHERE c.teacher_id = @ef_filter__CurrentTeacherId
      ) AS c0 ON s6.id = c0.subject_term_id
      ORDER BY s6.id, s6.id0, s6.id1
info: Microsoft.EntityFrameworkCore.Database.Command[20101]
      Executed DbCommand (3ms) [Parameters=[@Group_Id='?' (DbType = Int32)], CommandType='Text', CommandTimeout='30']
      SELECT s.id, s.first_name, s.group_id, s.is_active, s.last_name, s.middle_name
      FROM students AS s
      WHERE s.group_id = @Group_Id AND s.is_active
info: Microsoft.EntityFrameworkCore.Database.Command[20101]
      Executed DbCommand (0ms) [Parameters=[@ef_filter__CurrentTeacherId='?' (DbType = Int32)], CommandType='Text', CommandTimeout='30']
      SELECT m.address AS "Address", m.last_check_ok AS "LastCheckOk"
      FROM mail_connections AS m
      WHERE m.teacher_id = @ef_filter__CurrentTeacherId
      LIMIT 1
info: Microsoft.EntityFrameworkCore.Database.Command[20101]
      Executed DbCommand (1ms) [Parameters=[@ef_filter__CurrentTeacherId='?' (DbType = Int32), @SubjectTermId='?' (DbType = Int32)], CommandType='Text', CommandTimeout='30']
      SELECT s.id, s.disk_root_path, s.general_requirements, s.study_semester, s.subject_id, s.teacher_id, s.term_id
      FROM subject_terms AS s
      WHERE s.teacher_id = @ef_filter__CurrentTeacherId AND s.id = @SubjectTermId
      ORDER BY s.id
      LIMIT 2
info: Microsoft.EntityFrameworkCore.Database.Command[20101]
      Executed DbCommand (2ms) [Parameters=[@ef_filter__CurrentTeacherId='?' (DbType = Int32), @SubjectTermId='?' (DbType = Int32)], CommandType='Text', CommandTimeout='30']
      SELECT s2.group_id, s2.subject_term_id, s2.id, s2.admission_year, s2.direction, s2.name, s2.name_key, s1.id
      FROM (
          SELECT s.id
          FROM subject_terms AS s
          WHERE s.teacher_id = @ef_filter__CurrentTeacherId AND s.id = @SubjectTermId
          ORDER BY s.id
          LIMIT 1
      ) AS s1
      INNER JOIN (
          SELECT s0.group_id, s0.subject_term_id, g.id, g.admission_year, g.direction, g.name, g.name_key
          FROM subject_term_groups AS s0
          INNER JOIN groups AS g ON s0.group_id = g.id
      ) AS s2 ON s1.id = s2.subject_term_id
      ORDER BY s1.id
info: Microsoft.EntityFrameworkCore.Database.Command[20101]
      Executed DbCommand (1ms) [Parameters=[@ef_filter__CurrentTeacherId='?' (DbType = Int32), @SubjectTermId='?' (DbType = Int32)], CommandType='Text', CommandTimeout='30']
      SELECT a0.id, a0.ai_check_enabled, a0.deadline_override, a0.kind, a0.number, a0.subject_term_id, a0.task_text, a0.teacher_id, a0.title, a0.checklist, s3.id
      FROM (
          SELECT s.id
          FROM subject_terms AS s
          WHERE s.teacher_id = @ef_filter__CurrentTeacherId AND s.id = @SubjectTermId
          ORDER BY s.id
          LIMIT 1
      ) AS s3
      INNER JOIN (
          SELECT a.id, a.ai_check_enabled, a.deadline_override, a.kind, a.number, a.subject_term_id, a.task_text, a.teacher_id, a.title, a.checklist
          FROM assignments AS a
          WHERE a.teacher_id = @ef_filter__CurrentTeacherId
      ) AS a0 ON s3.id = a0.subject_term_id
      ORDER BY s3.id
info: Microsoft.EntityFrameworkCore.Database.Command[20101]
      Executed DbCommand (1ms) [Parameters=[@ef_filter__CurrentTeacherId='?' (DbType = Int32), @SubjectTermId='?' (DbType = Int32)], CommandType='Text', CommandTimeout='30']
      SELECT c0.id, c0.student_id, c0.subject_term_id, c0.teacher_id, c0.topic, s4.id
      FROM (
          SELECT s.id
          FROM subject_terms AS s
          WHERE s.teacher_id = @ef_filter__CurrentTeacherId AND s.id = @SubjectTermId
          ORDER BY s.id
          LIMIT 1
      ) AS s4
      INNER JOIN (
          SELECT c.id, c.student_id, c.subject_term_id, c.teacher_id, c.topic
          FROM coursework_topics AS c
          WHERE c.teacher_id = @ef_filter__CurrentTeacherId
      ) AS c0 ON s4.id = c0.subject_term_id
      ORDER BY s4.id
info: Microsoft.EntityFrameworkCore.Database.Command[20101]
      Executed DbCommand (0ms) [Parameters=[@studentId='?' (DbType = Int32)], CommandType='Text', CommandTimeout='30']
      SELECT s.id, s.first_name, s.group_id, s.is_active, s.last_name, s.middle_name
      FROM students AS s
      WHERE s.id = @studentId
      LIMIT 2
info: Microsoft.EntityFrameworkCore.Database.Command[20101]
      Executed DbCommand (1ms) [Parameters=[@ef_filter__CurrentTeacherId='?' (DbType = Int32), @SubjectTermId='?' (DbType = Int32)], CommandType='Text', CommandTimeout='30']
      SELECT s.id, s.disk_root_path, s.general_requirements, s.study_semester, s.subject_id, s.teacher_id, s.term_id
      FROM subject_terms AS s
      WHERE s.teacher_id = @ef_filter__CurrentTeacherId AND s.id = @SubjectTermId
      ORDER BY s.id
      LIMIT 2
info: Microsoft.EntityFrameworkCore.Database.Command[20101]
      Executed DbCommand (1ms) [Parameters=[@ef_filter__CurrentTeacherId='?' (DbType = Int32), @SubjectTermId='?' (DbType = Int32)], CommandType='Text', CommandTimeout='30']
      SELECT s2.group_id, s2.subject_term_id, s2.id, s2.admission_year, s2.direction, s2.name, s2.name_key, s1.id
      FROM (
          SELECT s.id
          FROM subject_terms AS s
          WHERE s.teacher_id = @ef_filter__CurrentTeacherId AND s.id = @SubjectTermId
          ORDER BY s.id
          LIMIT 1
      ) AS s1
      INNER JOIN (
          SELECT s0.group_id, s0.subject_term_id, g.id, g.admission_year, g.direction, g.name, g.name_key
          FROM subject_term_groups AS s0
          INNER JOIN groups AS g ON s0.group_id = g.id
      ) AS s2 ON s1.id = s2.subject_term_id
      ORDER BY s1.id
info: Microsoft.EntityFrameworkCore.Database.Command[20101]
      Executed DbCommand (1ms) [Parameters=[@ef_filter__CurrentTeacherId='?' (DbType = Int32), @SubjectTermId='?' (DbType = Int32)], CommandType='Text', CommandTimeout='30']
      SELECT a0.id, a0.ai_check_enabled, a0.deadline_override, a0.kind, a0.number, a0.subject_term_id, a0.task_text, a0.teacher_id, a0.title, a0.checklist, s3.id
      FROM (
          SELECT s.id
          FROM subject_terms AS s
          WHERE s.teacher_id = @ef_filter__CurrentTeacherId AND s.id = @SubjectTermId
          ORDER BY s.id
          LIMIT 1
      ) AS s3
      INNER JOIN (
          SELECT a.id, a.ai_check_enabled, a.deadline_override, a.kind, a.number, a.subject_term_id, a.task_text, a.teacher_id, a.title, a.checklist
          FROM assignments AS a
          WHERE a.teacher_id = @ef_filter__CurrentTeacherId
      ) AS a0 ON s3.id = a0.subject_term_id
      ORDER BY s3.id
info: Microsoft.EntityFrameworkCore.Database.Command[20101]
      Executed DbCommand (1ms) [Parameters=[@ef_filter__CurrentTeacherId='?' (DbType = Int32), @SubjectTermId='?' (DbType = Int32)], CommandType='Text', CommandTimeout='30']
      SELECT c0.id, c0.student_id, c0.subject_term_id, c0.teacher_id, c0.topic, s4.id
      FROM (
          SELECT s.id
          FROM subject_terms AS s
          WHERE s.teacher_id = @ef_filter__CurrentTeacherId AND s.id = @SubjectTermId
          ORDER BY s.id
          LIMIT 1
      ) AS s4
      INNER JOIN (
          SELECT c.id, c.student_id, c.subject_term_id, c.teacher_id, c.topic
          FROM coursework_topics AS c
          WHERE c.teacher_id = @ef_filter__CurrentTeacherId
      ) AS c0 ON s4.id = c0.subject_term_id
      ORDER BY s4.id
info: Microsoft.EntityFrameworkCore.Database.Command[20101]
      Executed DbCommand (0ms) [Parameters=[@studentId='?' (DbType = Int32)], CommandType='Text', CommandTimeout='30']
      SELECT s.id, s.first_name, s.group_id, s.is_active, s.last_name, s.middle_name
      FROM students AS s
      WHERE s.id = @studentId
      LIMIT 2
info: Microsoft.EntityFrameworkCore.Database.Command[20101]
      Executed DbCommand (1ms) [Parameters=[@p1='?' (DbType = Int32), @p0='?'], CommandType='Text', CommandTimeout='30']
      UPDATE coursework_topics SET topic = @p0
      WHERE id = @p1;
info: Microsoft.EntityFrameworkCore.Database.Command[20101]
      Executed DbCommand (1ms) [Parameters=[@normalizedUserName='?'], CommandType='Text', CommandTimeout='30']
      SELECT u.id, u.access_failed_count, u.concurrency_stamp, u.display_name, u.email, u.email_confirmed, u.lockout_enabled, u.lockout_end, u.must_change_password, u.normalized_email, u.normalized_user_name, u.password_hash, u.phone_number, u.phone_number_confirmed, u.security_stamp, u.two_factor_enabled, u.user_name
      FROM users AS u
      WHERE u.normalized_user_name = @normalizedUserName
      LIMIT 1
info: Microsoft.EntityFrameworkCore.Database.Command[20101]
      Executed DbCommand (1ms) [Parameters=[@normalizedUserName='?'], CommandType='Text', CommandTimeout='30']
      SELECT u.id, u.access_failed_count, u.concurrency_stamp, u.display_name, u.email, u.email_confirmed, u.lockout_enabled, u.lockout_end, u.must_change_password, u.normalized_email, u.normalized_user_name, u.password_hash, u.phone_number, u.phone_number_confirmed, u.security_stamp, u.two_factor_enabled, u.user_name
      FROM users AS u
      WHERE u.normalized_user_name = @normalizedUserName
      LIMIT 1
info: Microsoft.EntityFrameworkCore.Database.Command[20101]
      Executed DbCommand (36ms) [Parameters=[@p16='?' (DbType = Int32), @p0='?' (DbType = Int32), @p1='?', @p17='?', @p2='?', @p3='?', @p4='?' (DbType = Boolean), @p5='?' (DbType = Boolean), @p6='?' (DbType = DateTime), @p7='?' (DbType = Boolean), @p8='?', @p9='?', @p10='?', @p11='?', @p12='?' (DbType = Boolean), @p13='?', @p14='?' (DbType = Boolean), @p15='?'], CommandType='Text', CommandTimeout='30']
      UPDATE users SET access_failed_count = @p0, concurrency_stamp = @p1, display_name = @p2, email = @p3, email_confirmed = @p4, lockout_enabled = @p5, lockout_end = @p6, must_change_password = @p7, normalized_email = @p8, normalized_user_name = @p9, password_hash = @p10, phone_number = @p11, phone_number_confirmed = @p12, security_stamp = @p13, two_factor_enabled = @p14, user_name = @p15
      WHERE id = @p16 AND concurrency_stamp = @p17;
info: Microsoft.EntityFrameworkCore.Database.Command[20101]
      Executed DbCommand (1ms) [Parameters=[@normalizedUserName='?'], CommandType='Text', CommandTimeout='30']
      SELECT u.id, u.access_failed_count, u.concurrency_stamp, u.display_name, u.email, u.email_confirmed, u.lockout_enabled, u.lockout_end, u.must_change_password, u.normalized_email, u.normalized_user_name, u.password_hash, u.phone_number, u.phone_number_confirmed, u.security_stamp, u.two_factor_enabled, u.user_name
      FROM users AS u
      WHERE u.normalized_user_name = @normalizedUserName
      LIMIT 1
info: Microsoft.EntityFrameworkCore.Database.Command[20101]
      Executed DbCommand (1ms) [Parameters=[@normalizedUserName='?'], CommandType='Text', CommandTimeout='30']
      SELECT u.id, u.access_failed_count, u.concurrency_stamp, u.display_name, u.email, u.email_confirmed, u.lockout_enabled, u.lockout_end, u.must_change_password, u.normalized_email, u.normalized_user_name, u.password_hash, u.phone_number, u.phone_number_confirmed, u.security_stamp, u.two_factor_enabled, u.user_name
      FROM users AS u
      WHERE u.normalized_user_name = @normalizedUserName
      LIMIT 1
info: Microsoft.EntityFrameworkCore.Database.Command[20101]
      Executed DbCommand (1ms) [Parameters=[@p16='?' (DbType = Int32), @p0='?' (DbType = Int32), @p1='?', @p17='?', @p2='?', @p3='?', @p4='?' (DbType = Boolean), @p5='?' (DbType = Boolean), @p6='?' (DbType = DateTime), @p7='?' (DbType = Boolean), @p8='?', @p9='?', @p10='?', @p11='?', @p12='?' (DbType = Boolean), @p13='?', @p14='?' (DbType = Boolean), @p15='?'], CommandType='Text', CommandTimeout='30']
      UPDATE users SET access_failed_count = @p0, concurrency_stamp = @p1, display_name = @p2, email = @p3, email_confirmed = @p4, lockout_enabled = @p5, lockout_end = @p6, must_change_password = @p7, normalized_email = @p8, normalized_user_name = @p9, password_hash = @p10, phone_number = @p11, phone_number_confirmed = @p12, security_stamp = @p13, two_factor_enabled = @p14, user_name = @p15
      WHERE id = @p16 AND concurrency_stamp = @p17;
info: Microsoft.EntityFrameworkCore.Database.Command[20101]
      Executed DbCommand (0ms) [Parameters=[@user_Id='?' (DbType = Int32)], CommandType='Text', CommandTimeout='30']
      SELECT u.id, u.claim_type, u.claim_value, u.user_id
      FROM user_claims AS u
      WHERE u.user_id = @user_Id
info: Microsoft.EntityFrameworkCore.Database.Command[20101]
      Executed DbCommand (1ms) [Parameters=[@userId='?' (DbType = Int32)], CommandType='Text', CommandTimeout='30']
      SELECT r.name
      FROM user_roles AS u
      INNER JOIN roles AS r ON u.role_id = r.id
      WHERE u.user_id = @userId
info: Microsoft.EntityFrameworkCore.Database.Command[20101]
      Executed DbCommand (0ms) [Parameters=[@normalizedName='?'], CommandType='Text', CommandTimeout='30']
      SELECT r.id, r.concurrency_stamp, r.name, r.normalized_name
      FROM roles AS r
      WHERE r.normalized_name = @normalizedName
      LIMIT 1
info: Microsoft.EntityFrameworkCore.Database.Command[20101]
      Executed DbCommand (0ms) [Parameters=[@role_Id='?' (DbType = Int32)], CommandType='Text', CommandTimeout='30']
      SELECT r.claim_type, r.claim_value
      FROM role_claims AS r
      WHERE r.role_id = @role_Id
info: Microsoft.EntityFrameworkCore.Database.Command[20101]
      Executed DbCommand (0ms) [Parameters=[@normalizedName='?'], CommandType='Text', CommandTimeout='30']
      SELECT r.id, r.concurrency_stamp, r.name, r.normalized_name
      FROM roles AS r
      WHERE r.normalized_name = @normalizedName
      LIMIT 1
info: Microsoft.EntityFrameworkCore.Database.Command[20101]
      Executed DbCommand (0ms) [Parameters=[@role_Id='?' (DbType = Int32)], CommandType='Text', CommandTimeout='30']
      SELECT r.claim_type, r.claim_value
      FROM role_claims AS r
      WHERE r.role_id = @role_Id
info: Microsoft.EntityFrameworkCore.Database.Command[20101]
      Executed DbCommand (0ms) [Parameters=[@ef_filter__CurrentTeacherId='?' (DbType = Int32)], CommandType='Text', CommandTimeout='30']
      SELECT m.address AS "Address", m.last_check_ok AS "LastCheckOk"
      FROM mail_connections AS m
      WHERE m.teacher_id = @ef_filter__CurrentTeacherId
      LIMIT 1
info: Microsoft.EntityFrameworkCore.Database.Command[20101]
      Executed DbCommand (1ms) [Parameters=[@ef_filter__CurrentTeacherId='?' (DbType = Int32)], CommandType='Text', CommandTimeout='30']
      SELECT m.address AS "Address", m.last_check_ok AS "LastCheckOk"
      FROM mail_connections AS m
      WHERE m.teacher_id = @ef_filter__CurrentTeacherId
      LIMIT 1
info: Microsoft.EntityFrameworkCore.Database.Command[20101]
      Executed DbCommand (1ms) [Parameters=[@ef_filter__CurrentTeacherId='?' (DbType = Int32)], CommandType='Text', CommandTimeout='30']
      SELECT s.id, s.disk_root_path, s.general_requirements, s.study_semester, s.subject_id, s.teacher_id, s.term_id, s1.id, s1.ai_reference_text, s1.code, s1.disk_path_template, s1.final_assessment, s1.is_active, s1.name, s1.teacher_id, s1.aliases, t.id, t.academic_year, t.credit_week_start, t.season, t.session_start
      FROM subject_terms AS s
      INNER JOIN (
          SELECT s0.id, s0.ai_reference_text, s0.code, s0.disk_path_template, s0.final_assessment, s0.is_active, s0.name, s0.teacher_id, s0.aliases
          FROM subjects AS s0
          WHERE s0.teacher_id = @ef_filter__CurrentTeacherId
      ) AS s1 ON s.subject_id = s1.id
      INNER JOIN terms AS t ON s.term_id = t.id
      WHERE s.teacher_id = @ef_filter__CurrentTeacherId
      ORDER BY s.id, s1.id, t.id
info: Microsoft.EntityFrameworkCore.Database.Command[20101]
      Executed DbCommand (1ms) [Parameters=[@ef_filter__CurrentTeacherId='?' (DbType = Int32)], CommandType='Text', CommandTimeout='30']
      SELECT s3.id, s3.admission_year, s3.direction, s3.name, s3.name_key, s.id, s1.id, t.id
      FROM subject_terms AS s
      INNER JOIN (
          SELECT s0.id
          FROM subjects AS s0
          WHERE s0.teacher_id = @ef_filter__CurrentTeacherId
      ) AS s1 ON s.subject_id = s1.id
      INNER JOIN terms AS t ON s.term_id = t.id
      INNER JOIN (
          SELECT g.id, g.admission_year, g.direction, g.name, g.name_key, s2.subject_term_id
          FROM subject_term_groups AS s2
          INNER JOIN groups AS g ON s2.group_id = g.id
      ) AS s3 ON s.id = s3.subject_term_id
      WHERE s.teacher_id = @ef_filter__CurrentTeacherId
      ORDER BY s.id, s1.id, t.id
info: Microsoft.EntityFrameworkCore.Database.Command[20101]
      Executed DbCommand (1ms) [Parameters=[@ef_filter__CurrentTeacherId='?' (DbType = Int32), @picked_Id='?' (DbType = Int32)], CommandType='Text', CommandTimeout='30']
      SELECT s.id, s.disk_root_path, s.general_requirements, s.study_semester, s.subject_id, s.teacher_id, s.term_id, s1.id, s1.ai_reference_text, s1.code, s1.disk_path_template, s1.final_assessment, s1.is_active, s1.name, s1.teacher_id, s1.aliases, t.id, t.academic_year, t.credit_week_start, t.season, t.session_start
      FROM subject_terms AS s
      INNER JOIN (
          SELECT s0.id, s0.ai_reference_text, s0.code, s0.disk_path_template, s0.final_assessment, s0.is_active, s0.name, s0.teacher_id, s0.aliases
          FROM subjects AS s0
          WHERE s0.teacher_id = @ef_filter__CurrentTeacherId
      ) AS s1 ON s.subject_id = s1.id
      INNER JOIN terms AS t ON s.term_id = t.id
      WHERE s.teacher_id = @ef_filter__CurrentTeacherId AND s.id = @picked_Id
      ORDER BY s.id, s1.id, t.id
      LIMIT 2
info: Microsoft.EntityFrameworkCore.Database.Command[20101]
      Executed DbCommand (1ms) [Parameters=[@ef_filter__CurrentTeacherId='?' (DbType = Int32), @picked_Id='?' (DbType = Int32)], CommandType='Text', CommandTimeout='30']
      SELECT s4.id, s4.admission_year, s4.direction, s4.name, s4.name_key, s3.id, s3.id0, s3.id1
      FROM (
          SELECT s.id, s1.id AS id0, t.id AS id1
          FROM subject_terms AS s
          INNER JOIN (
              SELECT s0.id
              FROM subjects AS s0
              WHERE s0.teacher_id = @ef_filter__CurrentTeacherId
          ) AS s1 ON s.subject_id = s1.id
          INNER JOIN terms AS t ON s.term_id = t.id
          WHERE s.teacher_id = @ef_filter__CurrentTeacherId AND s.id = @picked_Id
          ORDER BY s.id, s1.id, t.id
          LIMIT 1
      ) AS s3
      INNER JOIN (
          SELECT g.id, g.admission_year, g.direction, g.name, g.name_key, s2.subject_term_id
          FROM subject_term_groups AS s2
          INNER JOIN groups AS g ON s2.group_id = g.id
      ) AS s4 ON s3.id = s4.subject_term_id
      ORDER BY s3.id, s3.id0, s3.id1
info: Microsoft.EntityFrameworkCore.Database.Command[20101]
      Executed DbCommand (1ms) [Parameters=[@ef_filter__CurrentTeacherId='?' (DbType = Int32), @picked_Id='?' (DbType = Int32)], CommandType='Text', CommandTimeout='30']
      SELECT a0.id, a0.ai_check_enabled, a0.deadline_override, a0.kind, a0.number, a0.subject_term_id, a0.task_text, a0.teacher_id, a0.title, a0.checklist, s5.id, s5.id0, s5.id1
      FROM (
          SELECT s.id, s1.id AS id0, t.id AS id1
          FROM subject_terms AS s
          INNER JOIN (
              SELECT s0.id
              FROM subjects AS s0
              WHERE s0.teacher_id = @ef_filter__CurrentTeacherId
          ) AS s1 ON s.subject_id = s1.id
          INNER JOIN terms AS t ON s.term_id = t.id
          WHERE s.teacher_id = @ef_filter__CurrentTeacherId AND s.id = @picked_Id
          ORDER BY s.id, s1.id, t.id
          LIMIT 1
      ) AS s5
      INNER JOIN (
          SELECT a.id, a.ai_check_enabled, a.deadline_override, a.kind, a.number, a.subject_term_id, a.task_text, a.teacher_id, a.title, a.checklist
          FROM assignments AS a
          WHERE a.teacher_id = @ef_filter__CurrentTeacherId
      ) AS a0 ON s5.id = a0.subject_term_id
      ORDER BY s5.id, s5.id0, s5.id1
info: Microsoft.EntityFrameworkCore.Database.Command[20101]
      Executed DbCommand (1ms) [Parameters=[@ef_filter__CurrentTeacherId='?' (DbType = Int32), @picked_Id='?' (DbType = Int32)], CommandType='Text', CommandTimeout='30']
      SELECT c0.id, c0.student_id, c0.subject_term_id, c0.teacher_id, c0.topic, s6.id, s6.id0, s6.id1
      FROM (
          SELECT s.id, s1.id AS id0, t.id AS id1
          FROM subject_terms AS s
          INNER JOIN (
              SELECT s0.id
              FROM subjects AS s0
              WHERE s0.teacher_id = @ef_filter__CurrentTeacherId
          ) AS s1 ON s.subject_id = s1.id
          INNER JOIN terms AS t ON s.term_id = t.id
          WHERE s.teacher_id = @ef_filter__CurrentTeacherId AND s.id = @picked_Id
          ORDER BY s.id, s1.id, t.id
          LIMIT 1
      ) AS s6
      INNER JOIN (
          SELECT c.id, c.student_id, c.subject_term_id, c.teacher_id, c.topic
          FROM coursework_topics AS c
          WHERE c.teacher_id = @ef_filter__CurrentTeacherId
      ) AS c0 ON s6.id = c0.subject_term_id
      ORDER BY s6.id, s6.id0, s6.id1
info: Microsoft.EntityFrameworkCore.Database.Command[20101]
      Executed DbCommand (0ms) [Parameters=[@Group_Id='?' (DbType = Int32)], CommandType='Text', CommandTimeout='30']
      SELECT s.id, s.first_name, s.group_id, s.is_active, s.last_name, s.middle_name
      FROM students AS s
      WHERE s.group_id = @Group_Id AND s.is_active
info: Microsoft.EntityFrameworkCore.Database.Command[20101]
      Executed DbCommand (0ms) [Parameters=[@ef_filter__CurrentTeacherId='?' (DbType = Int32)], CommandType='Text', CommandTimeout='30']
      SELECT m.address AS "Address", m.last_check_ok AS "LastCheckOk"
      FROM mail_connections AS m
      WHERE m.teacher_id = @ef_filter__CurrentTeacherId
      LIMIT 1
info: Microsoft.EntityFrameworkCore.Database.Command[20101]
      Executed DbCommand (1ms) [Parameters=[@ef_filter__CurrentTeacherId='?' (DbType = Int32)], CommandType='Text', CommandTimeout='30']
      SELECT m.address AS "Address", m.last_check_ok AS "LastCheckOk"
      FROM mail_connections AS m
      WHERE m.teacher_id = @ef_filter__CurrentTeacherId
      LIMIT 1
info: Microsoft.EntityFrameworkCore.Database.Command[20101]
      Executed DbCommand (1ms) [Parameters=[@ef_filter__CurrentTeacherId='?' (DbType = Int32)], CommandType='Text', CommandTimeout='30']
      SELECT m.address AS "Address", m.last_check_ok AS "LastCheckOk"
      FROM mail_connections AS m
      WHERE m.teacher_id = @ef_filter__CurrentTeacherId
      LIMIT 1
info: Microsoft.EntityFrameworkCore.Database.Command[20101]
      Executed DbCommand (1ms) [Parameters=[@ef_filter__CurrentTeacherId='?' (DbType = Int32)], CommandType='Text', CommandTimeout='30']
      SELECT m.address AS "Address", m.last_check_ok AS "LastCheckOk"
      FROM mail_connections AS m
      WHERE m.teacher_id = @ef_filter__CurrentTeacherId
      LIMIT 1
info: Microsoft.EntityFrameworkCore.Database.Command[20101]
      Executed DbCommand (1ms) [Parameters=[@ef_filter__CurrentTeacherId='?' (DbType = Int32)], CommandType='Text', CommandTimeout='30']
      SELECT m.address AS "Address", m.last_check_ok AS "LastCheckOk"
      FROM mail_connections AS m
      WHERE m.teacher_id = @ef_filter__CurrentTeacherId
      LIMIT 1
info: Microsoft.EntityFrameworkCore.Database.Command[20101]
      Executed DbCommand (1ms) [Parameters=[@ef_filter__CurrentTeacherId='?' (DbType = Int32)], CommandType='Text', CommandTimeout='30']
      SELECT s.id, s.ai_reference_text, s.code, s.disk_path_template, s.final_assessment, s.is_active, s.name, s.teacher_id, s.aliases
      FROM subjects AS s
      WHERE s.teacher_id = @ef_filter__CurrentTeacherId
info: Microsoft.EntityFrameworkCore.Database.Command[20101]
      Executed DbCommand (1ms) [Parameters=[@ef_filter__CurrentTeacherId='?' (DbType = Int32), @Current_Id='?' (DbType = Int32)], CommandType='Text', CommandTimeout='30']
      SELECT s.id, s.disk_root_path, s.general_requirements, s.study_semester, s.subject_id, s.teacher_id, s.term_id, t.id, t.academic_year, t.credit_week_start, t.season, t.session_start
      FROM subject_terms AS s
      INNER JOIN terms AS t ON s.term_id = t.id
      WHERE s.teacher_id = @ef_filter__CurrentTeacherId AND s.subject_id = @Current_Id
      ORDER BY s.id, t.id
info: Microsoft.EntityFrameworkCore.Database.Command[20101]
      Executed DbCommand (1ms) [Parameters=[@ef_filter__CurrentTeacherId='?' (DbType = Int32), @Current_Id='?' (DbType = Int32)], CommandType='Text', CommandTimeout='30']
      SELECT s1.id, s1.admission_year, s1.direction, s1.name, s1.name_key, s.id, t.id
      FROM subject_terms AS s
      INNER JOIN terms AS t ON s.term_id = t.id
      INNER JOIN (
          SELECT g.id, g.admission_year, g.direction, g.name, g.name_key, s0.subject_term_id
          FROM subject_term_groups AS s0
          INNER JOIN groups AS g ON s0.group_id = g.id
      ) AS s1 ON s.id = s1.subject_term_id
      WHERE s.teacher_id = @ef_filter__CurrentTeacherId AND s.subject_id = @Current_Id
      ORDER BY s.id, t.id
info: Microsoft.EntityFrameworkCore.Database.Command[20101]
      Executed DbCommand (1ms) [Parameters=[@ef_filter__CurrentTeacherId='?' (DbType = Int32), @Current_Id='?' (DbType = Int32)], CommandType='Text', CommandTimeout='30']
      SELECT a0.id, a0.ai_check_enabled, a0.deadline_override, a0.kind, a0.number, a0.subject_term_id, a0.task_text, a0.teacher_id, a0.title, a0.checklist, s.id, t.id
      FROM subject_terms AS s
      INNER JOIN terms AS t ON s.term_id = t.id
      INNER JOIN (
          SELECT a.id, a.ai_check_enabled, a.deadline_override, a.kind, a.number, a.subject_term_id, a.task_text, a.teacher_id, a.title, a.checklist
          FROM assignments AS a
          WHERE a.teacher_id = @ef_filter__CurrentTeacherId
      ) AS a0 ON s.id = a0.subject_term_id
      WHERE s.teacher_id = @ef_filter__CurrentTeacherId AND s.subject_id = @Current_Id
      ORDER BY s.id, t.id
info: Microsoft.EntityFrameworkCore.Database.Command[20101]
      Executed DbCommand (0ms) [Parameters=[], CommandType='Text', CommandTimeout='30']
      SELECT t.id, t.academic_year, t.credit_week_start, t.season, t.session_start
      FROM terms AS t
info: Microsoft.EntityFrameworkCore.Database.Command[20101]
      Executed DbCommand (0ms) [Parameters=[], CommandType='Text', CommandTimeout='30']
      SELECT g.id, g.admission_year, g.direction, g.name, g.name_key
      FROM groups AS g
info: Microsoft.EntityFrameworkCore.Database.Command[20101]
      Executed DbCommand (0ms) [Parameters=[@ef_filter__CurrentTeacherId='?' (DbType = Int32)], CommandType='Text', CommandTimeout='30']
      SELECT m.address AS "Address", m.last_check_ok AS "LastCheckOk"
      FROM mail_connections AS m
      WHERE m.teacher_id = @ef_filter__CurrentTeacherId
      LIMIT 1
info: Microsoft.EntityFrameworkCore.Database.Command[20101]
      Executed DbCommand (1ms) [Parameters=[], CommandType='Text', CommandTimeout='30']
      SELECT g.id AS "Id", g.name AS "Name", (
          SELECT count(*)::int
          FROM students AS s
          WHERE g.id = s.group_id AND s.is_active) AS "Active"
      FROM groups AS g
info: Microsoft.EntityFrameworkCore.Database.Command[20101]
      Executed DbCommand (0ms) [Parameters=[@id='?' (DbType = Int32)], CommandType='Text', CommandTimeout='30']
      SELECT g.id, g.admission_year, g.direction, g.name, g.name_key
      FROM groups AS g
      WHERE g.id = @id
      LIMIT 2
info: Microsoft.EntityFrameworkCore.Database.Command[20101]
      Executed DbCommand (1ms) [Parameters=[@Current_Id='?' (DbType = Int32)], CommandType='Text', CommandTimeout='30']
      SELECT s.id, s.first_name, s.group_id, s.is_active, s.last_name, s.middle_name, s0.id, s0.created_at, s0.email, s0.source, s0.student_id
      FROM students AS s
      LEFT JOIN student_emails AS s0 ON s.id = s0.student_id
      WHERE s.group_id = @Current_Id AND s.is_active
      ORDER BY s.id
info: Microsoft.EntityFrameworkCore.Database.Command[20101]
      Executed DbCommand (0ms) [Parameters=[@ef_filter__CurrentTeacherId='?' (DbType = Int32)], CommandType='Text', CommandTimeout='30']
      SELECT m.address AS "Address", m.last_check_ok AS "LastCheckOk"
      FROM mail_connections AS m
      WHERE m.teacher_id = @ef_filter__CurrentTeacherId
      LIMIT 1
info: Microsoft.EntityFrameworkCore.Database.Command[20101]
      Executed DbCommand (1ms) [Parameters=[], CommandType='Text', CommandTimeout='30']
      SELECT t.id, t.academic_year, t.credit_week_start, t.season, t.session_start
      FROM terms AS t
info: Microsoft.EntityFrameworkCore.Database.Command[20101]
      Executed DbCommand (0ms) [Parameters=[@ef_filter__CurrentTeacherId='?' (DbType = Int32)], CommandType='Text', CommandTimeout='30']
      SELECT m.address AS "Address", m.last_check_ok AS "LastCheckOk"
      FROM mail_connections AS m
      WHERE m.teacher_id = @ef_filter__CurrentTeacherId
      LIMIT 1
info: Microsoft.EntityFrameworkCore.Database.Command[20101]
      Executed DbCommand (1ms) [Parameters=[@ef_filter__CurrentTeacherId='?' (DbType = Int32)], CommandType='Text', CommandTimeout='30']
      SELECT m.address AS "Address", m.last_check_ok AS "LastCheckOk"
      FROM mail_connections AS m
      WHERE m.teacher_id = @ef_filter__CurrentTeacherId
      LIMIT 1
info: Microsoft.EntityFrameworkCore.Database.Command[20101]
      Executed DbCommand (1ms) [Parameters=[@normalizedRoleName='?'], CommandType='Text', CommandTimeout='30']
      SELECT r.id, r.concurrency_stamp, r.name, r.normalized_name
      FROM roles AS r
      WHERE r.normalized_name = @normalizedRoleName
      LIMIT 2
info: Microsoft.EntityFrameworkCore.Database.Command[20101]
      Executed DbCommand (1ms) [Parameters=[@role_Id='?' (DbType = Int32)], CommandType='Text', CommandTimeout='30']
      SELECT u0.id, u0.access_failed_count, u0.concurrency_stamp, u0.display_name, u0.email, u0.email_confirmed, u0.lockout_enabled, u0.lockout_end, u0.must_change_password, u0.normalized_email, u0.normalized_user_name, u0.password_hash, u0.phone_number, u0.phone_number_confirmed, u0.security_stamp, u0.two_factor_enabled, u0.user_name
      FROM user_roles AS u
      INNER JOIN users AS u0 ON u.user_id = u0.id
      WHERE u.role_id = @role_Id
info: Microsoft.EntityFrameworkCore.Database.Command[20101]
      Executed DbCommand (0ms) [Parameters=[], CommandType='Text', CommandTimeout='30']
      SELECT s.teacher_id AS "TeacherId", s.code AS "Code"
      FROM subjects AS s
      WHERE s.is_active
info: Microsoft.EntityFrameworkCore.Database.Command[20101]
      Executed DbCommand (0ms) [Parameters=[], CommandType='Text', CommandTimeout='30']
      SELECT u.id, u.access_failed_count, u.concurrency_stamp, u.display_name, u.email, u.email_confirmed, u.lockout_enabled, u.lockout_end, u.must_change_password, u.normalized_email, u.normalized_user_name, u.password_hash, u.phone_number, u.phone_number_confirmed, u.security_stamp, u.two_factor_enabled, u.user_name
      FROM users AS u
      ORDER BY u.display_name
info: Microsoft.EntityFrameworkCore.Database.Command[20101]
      Executed DbCommand (0ms) [Parameters=[@ef_filter__CurrentTeacherId='?' (DbType = Int32)], CommandType='Text', CommandTimeout='30']
      SELECT m.address AS "Address", m.last_check_ok AS "LastCheckOk"
      FROM mail_connections AS m
      WHERE m.teacher_id = @ef_filter__CurrentTeacherId
      LIMIT 1
info: Microsoft.EntityFrameworkCore.Database.Command[20101]
      Executed DbCommand (1ms) [Parameters=[], CommandType='Text', CommandTimeout='30']
      SELECT t.id, t.academic_year, t.credit_week_start, t.season, t.session_start
      FROM terms AS t
info: Microsoft.EntityFrameworkCore.Database.Command[20101]
      Executed DbCommand (0ms) [Parameters=[@ef_filter__CurrentTeacherId='?' (DbType = Int32)], CommandType='Text', CommandTimeout='30']
      SELECT m.address AS "Address", m.last_check_ok AS "LastCheckOk"
      FROM mail_connections AS m
      WHERE m.teacher_id = @ef_filter__CurrentTeacherId
      LIMIT 1
info: Microsoft.EntityFrameworkCore.Database.Command[20101]
      Executed DbCommand (1ms) [Parameters=[@ef_filter__CurrentTeacherId='?' (DbType = Int32)], CommandType='Text', CommandTimeout='30']
      SELECT m.address AS "Address", m.last_check_ok AS "LastCheckOk"
      FROM mail_connections AS m
      WHERE m.teacher_id = @ef_filter__CurrentTeacherId
      LIMIT 1
info: Microsoft.EntityFrameworkCore.Database.Command[20101]
      Executed DbCommand (1ms) [Parameters=[@normalizedRoleName='?'], CommandType='Text', CommandTimeout='30']
      SELECT r.id, r.concurrency_stamp, r.name, r.normalized_name
      FROM roles AS r
      WHERE r.normalized_name = @normalizedRoleName
      LIMIT 2
info: Microsoft.EntityFrameworkCore.Database.Command[20101]
      Executed DbCommand (1ms) [Parameters=[@role_Id='?' (DbType = Int32)], CommandType='Text', CommandTimeout='30']
      SELECT u0.id, u0.access_failed_count, u0.concurrency_stamp, u0.display_name, u0.email, u0.email_confirmed, u0.lockout_enabled, u0.lockout_end, u0.must_change_password, u0.normalized_email, u0.normalized_user_name, u0.password_hash, u0.phone_number, u0.phone_number_confirmed, u0.security_stamp, u0.two_factor_enabled, u0.user_name
      FROM user_roles AS u
      INNER JOIN users AS u0 ON u.user_id = u0.id
      WHERE u.role_id = @role_Id
info: Microsoft.EntityFrameworkCore.Database.Command[20101]
      Executed DbCommand (0ms) [Parameters=[], CommandType='Text', CommandTimeout='30']
      SELECT s.teacher_id AS "TeacherId", s.code AS "Code"
      FROM subjects AS s
      WHERE s.is_active
info: Microsoft.EntityFrameworkCore.Database.Command[20101]
      Executed DbCommand (0ms) [Parameters=[], CommandType='Text', CommandTimeout='30']
      SELECT u.id, u.access_failed_count, u.concurrency_stamp, u.display_name, u.email, u.email_confirmed, u.lockout_enabled, u.lockout_end, u.must_change_password, u.normalized_email, u.normalized_user_name, u.password_hash, u.phone_number, u.phone_number_confirmed, u.security_stamp, u.two_factor_enabled, u.user_name
      FROM users AS u
      ORDER BY u.display_name
info: Microsoft.EntityFrameworkCore.Database.Command[20101]
      Executed DbCommand (0ms) [Parameters=[@ef_filter__CurrentTeacherId='?' (DbType = Int32)], CommandType='Text', CommandTimeout='30']
      SELECT m.address AS "Address", m.last_check_ok AS "LastCheckOk"
      FROM mail_connections AS m
      WHERE m.teacher_id = @ef_filter__CurrentTeacherId
      LIMIT 1
info: Microsoft.EntityFrameworkCore.Database.Command[20101]
      Executed DbCommand (1ms) [Parameters=[@normalizedUserName='?'], CommandType='Text', CommandTimeout='30']
      SELECT u.id, u.access_failed_count, u.concurrency_stamp, u.display_name, u.email, u.email_confirmed, u.lockout_enabled, u.lockout_end, u.must_change_password, u.normalized_email, u.normalized_user_name, u.password_hash, u.phone_number, u.phone_number_confirmed, u.security_stamp, u.two_factor_enabled, u.user_name
      FROM users AS u
      WHERE u.normalized_user_name = @normalizedUserName
      LIMIT 1
info: Microsoft.EntityFrameworkCore.Database.Command[20101]
      Executed DbCommand (1ms) [Parameters=[@p0='?' (DbType = Int32), @p1='?', @p2='?', @p3='?', @p4='?' (DbType = Boolean), @p5='?' (DbType = Boolean), @p6='?' (DbType = DateTime), @p7='?' (DbType = Boolean), @p8='?', @p9='?', @p10='?', @p11='?', @p12='?' (DbType = Boolean), @p13='?', @p14='?' (DbType = Boolean), @p15='?'], CommandType='Text', CommandTimeout='30']
      INSERT INTO users (access_failed_count, concurrency_stamp, display_name, email, email_confirmed, lockout_enabled, lockout_end, must_change_password, normalized_email, normalized_user_name, password_hash, phone_number, phone_number_confirmed, security_stamp, two_factor_enabled, user_name)
      VALUES (@p0, @p1, @p2, @p3, @p4, @p5, @p6, @p7, @p8, @p9, @p10, @p11, @p12, @p13, @p14, @p15)
      RETURNING id;
info: Microsoft.EntityFrameworkCore.Database.Command[20101]
      Executed DbCommand (0ms) [Parameters=[@normalizedRoleName='?'], CommandType='Text', CommandTimeout='30']
      SELECT r.id, r.concurrency_stamp, r.name, r.normalized_name
      FROM roles AS r
      WHERE r.normalized_name = @normalizedRoleName
      LIMIT 2
info: Microsoft.EntityFrameworkCore.Database.Command[20101]
      Executed DbCommand (0ms) [Parameters=[@p='?' (DbType = Int32), @p1='?' (DbType = Int32)], CommandType='Text', CommandTimeout='30']
      SELECT u.user_id, u.role_id
      FROM user_roles AS u
      WHERE u.user_id = @p AND u.role_id = @p1
      LIMIT 1
info: Microsoft.EntityFrameworkCore.Database.Command[20101]
      Executed DbCommand (0ms) [Parameters=[@normalizedRoleName='?'], CommandType='Text', CommandTimeout='30']
      SELECT r.id, r.concurrency_stamp, r.name, r.normalized_name
      FROM roles AS r
      WHERE r.normalized_name = @normalizedRoleName
      LIMIT 2
info: Microsoft.EntityFrameworkCore.Database.Command[20101]
      Executed DbCommand (0ms) [Parameters=[@normalizedUserName='?'], CommandType='Text', CommandTimeout='30']
      SELECT u.id, u.access_failed_count, u.concurrency_stamp, u.display_name, u.email, u.email_confirmed, u.lockout_enabled, u.lockout_end, u.must_change_password, u.normalized_email, u.normalized_user_name, u.password_hash, u.phone_number, u.phone_number_confirmed, u.security_stamp, u.two_factor_enabled, u.user_name
      FROM users AS u
      WHERE u.normalized_user_name = @normalizedUserName
      LIMIT 1
info: Microsoft.EntityFrameworkCore.Database.Command[20101]
      Executed DbCommand (1ms) [Parameters=[@p0='?' (DbType = Int32), @p1='?' (DbType = Int32), @p18='?' (DbType = Int32), @p2='?' (DbType = Int32), @p3='?', @p19='?', @p4='?', @p5='?', @p6='?' (DbType = Boolean), @p7='?' (DbType = Boolean), @p8='?' (DbType = DateTime), @p9='?' (DbType = Boolean), @p10='?', @p11='?', @p12='?', @p13='?', @p14='?' (DbType = Boolean), @p15='?', @p16='?' (DbType = Boolean), @p17='?'], CommandType='Text', CommandTimeout='30']
      INSERT INTO user_roles (role_id, user_id)
      VALUES (@p0, @p1);
      UPDATE users SET access_failed_count = @p2, concurrency_stamp = @p3, display_name = @p4, email = @p5, email_confirmed = @p6, lockout_enabled = @p7, lockout_end = @p8, must_change_password = @p9, normalized_email = @p10, normalized_user_name = @p11, password_hash = @p12, phone_number = @p13, phone_number_confirmed = @p14, security_stamp = @p15, two_factor_enabled = @p16, user_name = @p17
      WHERE id = @p18 AND concurrency_stamp = @p19;
info: Microsoft.EntityFrameworkCore.Database.Command[20101]
      Executed DbCommand (0ms) [Parameters=[@normalizedRoleName='?'], CommandType='Text', CommandTimeout='30']
      SELECT r.id, r.concurrency_stamp, r.name, r.normalized_name
      FROM roles AS r
      WHERE r.normalized_name = @normalizedRoleName
      LIMIT 2
info: Microsoft.EntityFrameworkCore.Database.Command[20101]
      Executed DbCommand (1ms) [Parameters=[@role_Id='?' (DbType = Int32)], CommandType='Text', CommandTimeout='30']
      SELECT u0.id, u0.access_failed_count, u0.concurrency_stamp, u0.display_name, u0.email, u0.email_confirmed, u0.lockout_enabled, u0.lockout_end, u0.must_change_password, u0.normalized_email, u0.normalized_user_name, u0.password_hash, u0.phone_number, u0.phone_number_confirmed, u0.security_stamp, u0.two_factor_enabled, u0.user_name
      FROM user_roles AS u
      INNER JOIN users AS u0 ON u.user_id = u0.id
      WHERE u.role_id = @role_Id
info: Microsoft.EntityFrameworkCore.Database.Command[20101]
      Executed DbCommand (0ms) [Parameters=[], CommandType='Text', CommandTimeout='30']
      SELECT s.teacher_id AS "TeacherId", s.code AS "Code"
      FROM subjects AS s
      WHERE s.is_active
info: Microsoft.EntityFrameworkCore.Database.Command[20101]
      Executed DbCommand (0ms) [Parameters=[], CommandType='Text', CommandTimeout='30']
      SELECT u.id, u.access_failed_count, u.concurrency_stamp, u.display_name, u.email, u.email_confirmed, u.lockout_enabled, u.lockout_end, u.must_change_password, u.normalized_email, u.normalized_user_name, u.password_hash, u.phone_number, u.phone_number_confirmed, u.security_stamp, u.two_factor_enabled, u.user_name
      FROM users AS u
      ORDER BY u.display_name
info: Microsoft.EntityFrameworkCore.Database.Command[20101]
      Executed DbCommand (0ms) [Parameters=[@ef_filter__CurrentTeacherId='?' (DbType = Int32)], CommandType='Text', CommandTimeout='30']
      SELECT m.address AS "Address", m.last_check_ok AS "LastCheckOk"
      FROM mail_connections AS m
      WHERE m.teacher_id = @ef_filter__CurrentTeacherId
      LIMIT 1
info: Microsoft.EntityFrameworkCore.Database.Command[20101]
      Executed DbCommand (1ms) [Parameters=[], CommandType='Text', CommandTimeout='30']
      SELECT t.id, t.academic_year, t.credit_week_start, t.season, t.session_start
      FROM terms AS t
info: Microsoft.EntityFrameworkCore.Database.Command[20101]
      Executed DbCommand (1ms) [Parameters=[@ef_filter__CurrentTeacherId='?' (DbType = Int32)], CommandType='Text', CommandTimeout='30']
      SELECT m.address AS "Address", m.last_check_ok AS "LastCheckOk"
      FROM mail_connections AS m
      WHERE m.teacher_id = @ef_filter__CurrentTeacherId
      LIMIT 1
info: Microsoft.EntityFrameworkCore.Database.Command[20101]
      Executed DbCommand (1ms) [Parameters=[@term_AcademicYear='?', @term_Season='?'], CommandType='Text', CommandTimeout='30']
      SELECT EXISTS (
          SELECT 1
          FROM terms AS t
          WHERE t.academic_year = @term_AcademicYear AND t.season = @term_Season)
info: Microsoft.EntityFrameworkCore.Database.Command[20101]
      Executed DbCommand (0ms) [Parameters=[], CommandType='Text', CommandTimeout='30']
      SELECT t.id, t.academic_year, t.credit_week_start, t.season, t.session_start
      FROM terms AS t
info: Microsoft.EntityFrameworkCore.Database.Command[20101]
      Executed DbCommand (0ms) [Parameters=[@ef_filter__CurrentTeacherId='?' (DbType = Int32)], CommandType='Text', CommandTimeout='30']
      SELECT m.address AS "Address", m.last_check_ok AS "LastCheckOk"
      FROM mail_connections AS m
      WHERE m.teacher_id = @ef_filter__CurrentTeacherId
      LIMIT 1
info: Microsoft.EntityFrameworkCore.Database.Command[20101]
      Executed DbCommand (1ms) [Parameters=[], CommandType='Text', CommandTimeout='30']
      SELECT g.id AS "Id", g.name AS "Name", (
          SELECT count(*)::int
          FROM students AS s
          WHERE g.id = s.group_id AND s.is_active) AS "Active"
      FROM groups AS g
info: Microsoft.EntityFrameworkCore.Database.Command[20101]
      Executed DbCommand (0ms) [Parameters=[@id='?' (DbType = Int32)], CommandType='Text', CommandTimeout='30']
      SELECT g.id, g.admission_year, g.direction, g.name, g.name_key
      FROM groups AS g
      WHERE g.id = @id
      LIMIT 2
info: Microsoft.EntityFrameworkCore.Database.Command[20101]
      Executed DbCommand (1ms) [Parameters=[@Current_Id='?' (DbType = Int32)], CommandType='Text', CommandTimeout='30']
      SELECT s.id, s.first_name, s.group_id, s.is_active, s.last_name, s.middle_name, s0.id, s0.created_at, s0.email, s0.source, s0.student_id
      FROM students AS s
      LEFT JOIN student_emails AS s0 ON s.id = s0.student_id
      WHERE s.group_id = @Current_Id AND s.is_active
      ORDER BY s.id
info: Microsoft.EntityFrameworkCore.Database.Command[20101]
      Executed DbCommand (0ms) [Parameters=[@ef_filter__CurrentTeacherId='?' (DbType = Int32)], CommandType='Text', CommandTimeout='30']
      SELECT m.address AS "Address", m.last_check_ok AS "LastCheckOk"
      FROM mail_connections AS m
      WHERE m.teacher_id = @ef_filter__CurrentTeacherId
      LIMIT 1
info: Microsoft.EntityFrameworkCore.Database.Command[20101]
      Executed DbCommand (1ms) [Parameters=[@ef_filter__CurrentTeacherId='?' (DbType = Int32)], CommandType='Text', CommandTimeout='30']
      SELECT s.id, s.ai_reference_text, s.code, s.disk_path_template, s.final_assessment, s.is_active, s.name, s.teacher_id, s.aliases
      FROM subjects AS s
      WHERE s.teacher_id = @ef_filter__CurrentTeacherId
info: Microsoft.EntityFrameworkCore.Database.Command[20101]
      Executed DbCommand (1ms) [Parameters=[@ef_filter__CurrentTeacherId='?' (DbType = Int32), @Current_Id='?' (DbType = Int32)], CommandType='Text', CommandTimeout='30']
      SELECT s.id, s.disk_root_path, s.general_requirements, s.study_semester, s.subject_id, s.teacher_id, s.term_id, t.id, t.academic_year, t.credit_week_start, t.season, t.session_start
      FROM subject_terms AS s
      INNER JOIN terms AS t ON s.term_id = t.id
      WHERE s.teacher_id = @ef_filter__CurrentTeacherId AND s.subject_id = @Current_Id
      ORDER BY s.id, t.id
info: Microsoft.EntityFrameworkCore.Database.Command[20101]
      Executed DbCommand (1ms) [Parameters=[@ef_filter__CurrentTeacherId='?' (DbType = Int32), @Current_Id='?' (DbType = Int32)], CommandType='Text', CommandTimeout='30']
      SELECT s1.id, s1.admission_year, s1.direction, s1.name, s1.name_key, s.id, t.id
      FROM subject_terms AS s
      INNER JOIN terms AS t ON s.term_id = t.id
      INNER JOIN (
          SELECT g.id, g.admission_year, g.direction, g.name, g.name_key, s0.subject_term_id
          FROM subject_term_groups AS s0
          INNER JOIN groups AS g ON s0.group_id = g.id
      ) AS s1 ON s.id = s1.subject_term_id
      WHERE s.teacher_id = @ef_filter__CurrentTeacherId AND s.subject_id = @Current_Id
      ORDER BY s.id, t.id
info: Microsoft.EntityFrameworkCore.Database.Command[20101]
      Executed DbCommand (1ms) [Parameters=[@ef_filter__CurrentTeacherId='?' (DbType = Int32), @Current_Id='?' (DbType = Int32)], CommandType='Text', CommandTimeout='30']
      SELECT a0.id, a0.ai_check_enabled, a0.deadline_override, a0.kind, a0.number, a0.subject_term_id, a0.task_text, a0.teacher_id, a0.title, a0.checklist, s.id, t.id
      FROM subject_terms AS s
      INNER JOIN terms AS t ON s.term_id = t.id
      INNER JOIN (
          SELECT a.id, a.ai_check_enabled, a.deadline_override, a.kind, a.number, a.subject_term_id, a.task_text, a.teacher_id, a.title, a.checklist
          FROM assignments AS a
          WHERE a.teacher_id = @ef_filter__CurrentTeacherId
      ) AS a0 ON s.id = a0.subject_term_id
      WHERE s.teacher_id = @ef_filter__CurrentTeacherId AND s.subject_id = @Current_Id
      ORDER BY s.id, t.id
info: Microsoft.EntityFrameworkCore.Database.Command[20101]
      Executed DbCommand (0ms) [Parameters=[], CommandType='Text', CommandTimeout='30']
      SELECT t.id, t.academic_year, t.credit_week_start, t.season, t.session_start
      FROM terms AS t
info: Microsoft.EntityFrameworkCore.Database.Command[20101]
      Executed DbCommand (0ms) [Parameters=[], CommandType='Text', CommandTimeout='30']
      SELECT g.id, g.admission_year, g.direction, g.name, g.name_key
      FROM groups AS g
info: Microsoft.EntityFrameworkCore.Database.Command[20101]
      Executed DbCommand (0ms) [Parameters=[@ef_filter__CurrentTeacherId='?' (DbType = Int32)], CommandType='Text', CommandTimeout='30']
      SELECT m.address AS "Address", m.last_check_ok AS "LastCheckOk"
      FROM mail_connections AS m
      WHERE m.teacher_id = @ef_filter__CurrentTeacherId
      LIMIT 1
info: Microsoft.EntityFrameworkCore.Database.Command[20101]
      Executed DbCommand (1ms) [Parameters=[@ef_filter__CurrentTeacherId='?' (DbType = Int32)], CommandType='Text', CommandTimeout='30']
      SELECT m.id, m.address, m.imap_host, m.imap_last_uid, m.imap_port, m.imap_security, m.imap_uid_validity, m.last_check_at, m.last_check_message, m.last_check_ok, m.login, m.password_protected, m.poll_enabled, m.poll_interval_minutes, m.read_since, m.smtp_host, m.smtp_port, m.smtp_security, m.teacher_id
      FROM mail_connections AS m
      WHERE m.teacher_id = @ef_filter__CurrentTeacherId
      LIMIT 2
info: Microsoft.EntityFrameworkCore.Database.Command[20101]
      Executed DbCommand (0ms) [Parameters=[@ef_filter__CurrentTeacherId='?' (DbType = Int32)], CommandType='Text', CommandTimeout='30']
      SELECT m.address AS "Address", m.last_check_ok AS "LastCheckOk"
      FROM mail_connections AS m
      WHERE m.teacher_id = @ef_filter__CurrentTeacherId
      LIMIT 1
info: Microsoft.EntityFrameworkCore.Database.Command[20101]
      Executed DbCommand (1ms) [Parameters=[@ef_filter__CurrentTeacherId='?' (DbType = Int32)], CommandType='Text', CommandTimeout='30']
      SELECT s.id, s.disk_root_path, s.general_requirements, s.study_semester, s.subject_id, s.teacher_id, s.term_id, s1.id, s1.ai_reference_text, s1.code, s1.disk_path_template, s1.final_assessment, s1.is_active, s1.name, s1.teacher_id, s1.aliases, t.id, t.academic_year, t.credit_week_start, t.season, t.session_start
      FROM subject_terms AS s
      INNER JOIN (
          SELECT s0.id, s0.ai_reference_text, s0.code, s0.disk_path_template, s0.final_assessment, s0.is_active, s0.name, s0.teacher_id, s0.aliases
          FROM subjects AS s0
          WHERE s0.teacher_id = @ef_filter__CurrentTeacherId
      ) AS s1 ON s.subject_id = s1.id
      INNER JOIN terms AS t ON s.term_id = t.id
      WHERE s.teacher_id = @ef_filter__CurrentTeacherId
      ORDER BY s.id, s1.id, t.id
info: Microsoft.EntityFrameworkCore.Database.Command[20101]
      Executed DbCommand (2ms) [Parameters=[@ef_filter__CurrentTeacherId='?' (DbType = Int32)], CommandType='Text', CommandTimeout='30']
      SELECT s3.id, s3.admission_year, s3.direction, s3.name, s3.name_key, s.id, s1.id, t.id
      FROM subject_terms AS s
      INNER JOIN (
          SELECT s0.id
          FROM subjects AS s0
          WHERE s0.teacher_id = @ef_filter__CurrentTeacherId
      ) AS s1 ON s.subject_id = s1.id
      INNER JOIN terms AS t ON s.term_id = t.id
      INNER JOIN (
          SELECT g.id, g.admission_year, g.direction, g.name, g.name_key, s2.subject_term_id
          FROM subject_term_groups AS s2
          INNER JOIN groups AS g ON s2.group_id = g.id
      ) AS s3 ON s.id = s3.subject_term_id
      WHERE s.teacher_id = @ef_filter__CurrentTeacherId
      ORDER BY s.id, s1.id, t.id
info: Microsoft.EntityFrameworkCore.Database.Command[20101]
      Executed DbCommand (1ms) [Parameters=[@ef_filter__CurrentTeacherId='?' (DbType = Int32), @picked_Id='?' (DbType = Int32)], CommandType='Text', CommandTimeout='30']
      SELECT s.id, s.disk_root_path, s.general_requirements, s.study_semester, s.subject_id, s.teacher_id, s.term_id, s1.id, s1.ai_reference_text, s1.code, s1.disk_path_template, s1.final_assessment, s1.is_active, s1.name, s1.teacher_id, s1.aliases, t.id, t.academic_year, t.credit_week_start, t.season, t.session_start
      FROM subject_terms AS s
      INNER JOIN (
          SELECT s0.id, s0.ai_reference_text, s0.code, s0.disk_path_template, s0.final_assessment, s0.is_active, s0.name, s0.teacher_id, s0.aliases
          FROM subjects AS s0
          WHERE s0.teacher_id = @ef_filter__CurrentTeacherId
      ) AS s1 ON s.subject_id = s1.id
      INNER JOIN terms AS t ON s.term_id = t.id
      WHERE s.teacher_id = @ef_filter__CurrentTeacherId AND s.id = @picked_Id
      ORDER BY s.id, s1.id, t.id
      LIMIT 2
info: Microsoft.EntityFrameworkCore.Database.Command[20101]
      Executed DbCommand (1ms) [Parameters=[@ef_filter__CurrentTeacherId='?' (DbType = Int32), @picked_Id='?' (DbType = Int32)], CommandType='Text', CommandTimeout='30']
      SELECT s4.id, s4.admission_year, s4.direction, s4.name, s4.name_key, s3.id, s3.id0, s3.id1
      FROM (
          SELECT s.id, s1.id AS id0, t.id AS id1
          FROM subject_terms AS s
          INNER JOIN (
              SELECT s0.id
              FROM subjects AS s0
              WHERE s0.teacher_id = @ef_filter__CurrentTeacherId
          ) AS s1 ON s.subject_id = s1.id
          INNER JOIN terms AS t ON s.term_id = t.id
          WHERE s.teacher_id = @ef_filter__CurrentTeacherId AND s.id = @picked_Id
          ORDER BY s.id, s1.id, t.id
          LIMIT 1
      ) AS s3
      INNER JOIN (
          SELECT g.id, g.admission_year, g.direction, g.name, g.name_key, s2.subject_term_id
          FROM subject_term_groups AS s2
          INNER JOIN groups AS g ON s2.group_id = g.id
      ) AS s4 ON s3.id = s4.subject_term_id
      ORDER BY s3.id, s3.id0, s3.id1
info: Microsoft.EntityFrameworkCore.Database.Command[20101]
      Executed DbCommand (1ms) [Parameters=[@ef_filter__CurrentTeacherId='?' (DbType = Int32), @picked_Id='?' (DbType = Int32)], CommandType='Text', CommandTimeout='30']
      SELECT a0.id, a0.ai_check_enabled, a0.deadline_override, a0.kind, a0.number, a0.subject_term_id, a0.task_text, a0.teacher_id, a0.title, a0.checklist, s5.id, s5.id0, s5.id1
      FROM (
          SELECT s.id, s1.id AS id0, t.id AS id1
          FROM subject_terms AS s
          INNER JOIN (
              SELECT s0.id
              FROM subjects AS s0
              WHERE s0.teacher_id = @ef_filter__CurrentTeacherId
          ) AS s1 ON s.subject_id = s1.id
          INNER JOIN terms AS t ON s.term_id = t.id
          WHERE s.teacher_id = @ef_filter__CurrentTeacherId AND s.id = @picked_Id
          ORDER BY s.id, s1.id, t.id
          LIMIT 1
      ) AS s5
      INNER JOIN (
          SELECT a.id, a.ai_check_enabled, a.deadline_override, a.kind, a.number, a.subject_term_id, a.task_text, a.teacher_id, a.title, a.checklist
          FROM assignments AS a
          WHERE a.teacher_id = @ef_filter__CurrentTeacherId
      ) AS a0 ON s5.id = a0.subject_term_id
      ORDER BY s5.id, s5.id0, s5.id1
info: Microsoft.EntityFrameworkCore.Database.Command[20101]
      Executed DbCommand (1ms) [Parameters=[@ef_filter__CurrentTeacherId='?' (DbType = Int32), @picked_Id='?' (DbType = Int32)], CommandType='Text', CommandTimeout='30']
      SELECT c0.id, c0.student_id, c0.subject_term_id, c0.teacher_id, c0.topic, s6.id, s6.id0, s6.id1
      FROM (
          SELECT s.id, s1.id AS id0, t.id AS id1
          FROM subject_terms AS s
          INNER JOIN (
              SELECT s0.id
              FROM subjects AS s0
              WHERE s0.teacher_id = @ef_filter__CurrentTeacherId
          ) AS s1 ON s.subject_id = s1.id
          INNER JOIN terms AS t ON s.term_id = t.id
          WHERE s.teacher_id = @ef_filter__CurrentTeacherId AND s.id = @picked_Id
          ORDER BY s.id, s1.id, t.id
          LIMIT 1
      ) AS s6
      INNER JOIN (
          SELECT c.id, c.student_id, c.subject_term_id, c.teacher_id, c.topic
          FROM coursework_topics AS c
          WHERE c.teacher_id = @ef_filter__CurrentTeacherId
      ) AS c0 ON s6.id = c0.subject_term_id
      ORDER BY s6.id, s6.id0, s6.id1
info: Microsoft.EntityFrameworkCore.Database.Command[20101]
      Executed DbCommand (1ms) [Parameters=[@Group_Id='?' (DbType = Int32)], CommandType='Text', CommandTimeout='30']
      SELECT s.id, s.first_name, s.group_id, s.is_active, s.last_name, s.middle_name
      FROM students AS s
      WHERE s.group_id = @Group_Id AND s.is_active
info: Microsoft.EntityFrameworkCore.Database.Command[20101]
      Executed DbCommand (0ms) [Parameters=[@ef_filter__CurrentTeacherId='?' (DbType = Int32)], CommandType='Text', CommandTimeout='30']
      SELECT m.address AS "Address", m.last_check_ok AS "LastCheckOk"
      FROM mail_connections AS m
      WHERE m.teacher_id = @ef_filter__CurrentTeacherId
      LIMIT 1
info: Microsoft.EntityFrameworkCore.Database.Command[20101]
      Executed DbCommand (1ms) [Parameters=[@ef_filter__CurrentTeacherId='?' (DbType = Int32), @SubjectTermId='?' (DbType = Int32)], CommandType='Text', CommandTimeout='30']
      SELECT s.id, s.disk_root_path, s.general_requirements, s.study_semester, s.subject_id, s.teacher_id, s.term_id
      FROM subject_terms AS s
      WHERE s.teacher_id = @ef_filter__CurrentTeacherId AND s.id = @SubjectTermId
      ORDER BY s.id
      LIMIT 2
info: Microsoft.EntityFrameworkCore.Database.Command[20101]
      Executed DbCommand (1ms) [Parameters=[@ef_filter__CurrentTeacherId='?' (DbType = Int32), @SubjectTermId='?' (DbType = Int32)], CommandType='Text', CommandTimeout='30']
      SELECT s2.group_id, s2.subject_term_id, s2.id, s2.admission_year, s2.direction, s2.name, s2.name_key, s1.id
      FROM (
          SELECT s.id
          FROM subject_terms AS s
          WHERE s.teacher_id = @ef_filter__CurrentTeacherId AND s.id = @SubjectTermId
          ORDER BY s.id
          LIMIT 1
      ) AS s1
      INNER JOIN (
          SELECT s0.group_id, s0.subject_term_id, g.id, g.admission_year, g.direction, g.name, g.name_key
          FROM subject_term_groups AS s0
          INNER JOIN groups AS g ON s0.group_id = g.id
      ) AS s2 ON s1.id = s2.subject_term_id
      ORDER BY s1.id
info: Microsoft.EntityFrameworkCore.Database.Command[20101]
      Executed DbCommand (1ms) [Parameters=[@ef_filter__CurrentTeacherId='?' (DbType = Int32), @SubjectTermId='?' (DbType = Int32)], CommandType='Text', CommandTimeout='30']
      SELECT a0.id, a0.ai_check_enabled, a0.deadline_override, a0.kind, a0.number, a0.subject_term_id, a0.task_text, a0.teacher_id, a0.title, a0.checklist, s3.id
      FROM (
          SELECT s.id
          FROM subject_terms AS s
          WHERE s.teacher_id = @ef_filter__CurrentTeacherId AND s.id = @SubjectTermId
          ORDER BY s.id
          LIMIT 1
      ) AS s3
      INNER JOIN (
          SELECT a.id, a.ai_check_enabled, a.deadline_override, a.kind, a.number, a.subject_term_id, a.task_text, a.teacher_id, a.title, a.checklist
          FROM assignments AS a
          WHERE a.teacher_id = @ef_filter__CurrentTeacherId
      ) AS a0 ON s3.id = a0.subject_term_id
      ORDER BY s3.id
info: Microsoft.EntityFrameworkCore.Database.Command[20101]
      Executed DbCommand (1ms) [Parameters=[@ef_filter__CurrentTeacherId='?' (DbType = Int32), @SubjectTermId='?' (DbType = Int32)], CommandType='Text', CommandTimeout='30']
      SELECT c0.id, c0.student_id, c0.subject_term_id, c0.teacher_id, c0.topic, s4.id
      FROM (
          SELECT s.id
          FROM subject_terms AS s
          WHERE s.teacher_id = @ef_filter__CurrentTeacherId AND s.id = @SubjectTermId
          ORDER BY s.id
          LIMIT 1
      ) AS s4
      INNER JOIN (
          SELECT c.id, c.student_id, c.subject_term_id, c.teacher_id, c.topic
          FROM coursework_topics AS c
          WHERE c.teacher_id = @ef_filter__CurrentTeacherId
      ) AS c0 ON s4.id = c0.subject_term_id
      ORDER BY s4.id
info: Microsoft.EntityFrameworkCore.Database.Command[20101]
      Executed DbCommand (0ms) [Parameters=[@studentId='?' (DbType = Int32)], CommandType='Text', CommandTimeout='30']
      SELECT s.id, s.first_name, s.group_id, s.is_active, s.last_name, s.middle_name
      FROM students AS s
      WHERE s.id = @studentId
      LIMIT 2
info: Microsoft.EntityFrameworkCore.Database.Command[20101]
      Executed DbCommand (1ms) [Parameters=[@ef_filter__CurrentTeacherId='?' (DbType = Int32), @SubjectTermId='?' (DbType = Int32)], CommandType='Text', CommandTimeout='30']
      SELECT s.id, s.disk_root_path, s.general_requirements, s.study_semester, s.subject_id, s.teacher_id, s.term_id
      FROM subject_terms AS s
      WHERE s.teacher_id = @ef_filter__CurrentTeacherId AND s.id = @SubjectTermId
      ORDER BY s.id
      LIMIT 2
info: Microsoft.EntityFrameworkCore.Database.Command[20101]
      Executed DbCommand (1ms) [Parameters=[@ef_filter__CurrentTeacherId='?' (DbType = Int32), @SubjectTermId='?' (DbType = Int32)], CommandType='Text', CommandTimeout='30']
      SELECT s2.group_id, s2.subject_term_id, s2.id, s2.admission_year, s2.direction, s2.name, s2.name_key, s1.id
      FROM (
          SELECT s.id
          FROM subject_terms AS s
          WHERE s.teacher_id = @ef_filter__CurrentTeacherId AND s.id = @SubjectTermId
          ORDER BY s.id
          LIMIT 1
      ) AS s1
      INNER JOIN (
          SELECT s0.group_id, s0.subject_term_id, g.id, g.admission_year, g.direction, g.name, g.name_key
          FROM subject_term_groups AS s0
          INNER JOIN groups AS g ON s0.group_id = g.id
      ) AS s2 ON s1.id = s2.subject_term_id
      ORDER BY s1.id
info: Microsoft.EntityFrameworkCore.Database.Command[20101]
      Executed DbCommand (1ms) [Parameters=[@ef_filter__CurrentTeacherId='?' (DbType = Int32), @SubjectTermId='?' (DbType = Int32)], CommandType='Text', CommandTimeout='30']
      SELECT a0.id, a0.ai_check_enabled, a0.deadline_override, a0.kind, a0.number, a0.subject_term_id, a0.task_text, a0.teacher_id, a0.title, a0.checklist, s3.id
      FROM (
          SELECT s.id
          FROM subject_terms AS s
          WHERE s.teacher_id = @ef_filter__CurrentTeacherId AND s.id = @SubjectTermId
          ORDER BY s.id
          LIMIT 1
      ) AS s3
      INNER JOIN (
          SELECT a.id, a.ai_check_enabled, a.deadline_override, a.kind, a.number, a.subject_term_id, a.task_text, a.teacher_id, a.title, a.checklist
          FROM assignments AS a
          WHERE a.teacher_id = @ef_filter__CurrentTeacherId
      ) AS a0 ON s3.id = a0.subject_term_id
      ORDER BY s3.id
info: Microsoft.EntityFrameworkCore.Database.Command[20101]
      Executed DbCommand (1ms) [Parameters=[@ef_filter__CurrentTeacherId='?' (DbType = Int32), @SubjectTermId='?' (DbType = Int32)], CommandType='Text', CommandTimeout='30']
      SELECT c0.id, c0.student_id, c0.subject_term_id, c0.teacher_id, c0.topic, s4.id
      FROM (
          SELECT s.id
          FROM subject_terms AS s
          WHERE s.teacher_id = @ef_filter__CurrentTeacherId AND s.id = @SubjectTermId
          ORDER BY s.id
          LIMIT 1
      ) AS s4
      INNER JOIN (
          SELECT c.id, c.student_id, c.subject_term_id, c.teacher_id, c.topic
          FROM coursework_topics AS c
          WHERE c.teacher_id = @ef_filter__CurrentTeacherId
      ) AS c0 ON s4.id = c0.subject_term_id
      ORDER BY s4.id
info: Microsoft.EntityFrameworkCore.Database.Command[20101]
      Executed DbCommand (0ms) [Parameters=[@studentId='?' (DbType = Int32)], CommandType='Text', CommandTimeout='30']
      SELECT s.id, s.first_name, s.group_id, s.is_active, s.last_name, s.middle_name
      FROM students AS s
      WHERE s.id = @studentId
      LIMIT 2
info: Microsoft.EntityFrameworkCore.Database.Command[20101]
      Executed DbCommand (1ms) [Parameters=[@p1='?' (DbType = Int32), @p0='?'], CommandType='Text', CommandTimeout='30']
      UPDATE coursework_topics SET topic = @p0
      WHERE id = @p1;
info: Microsoft.EntityFrameworkCore.Database.Command[20101]
      Executed DbCommand (1ms) [Parameters=[@ef_filter__CurrentTeacherId='?' (DbType = Int32)], CommandType='Text', CommandTimeout='30']
      SELECT m.address AS "Address", m.last_check_ok AS "LastCheckOk"
      FROM mail_connections AS m
      WHERE m.teacher_id = @ef_filter__CurrentTeacherId
      LIMIT 1
